-- phpMyAdmin SQL Dump
-- version 4.7.0
-- https://www.phpmyadmin.net/
--
-- Host: 127.0.0.1
-- Generation Time: Nov 08, 2019 at 04:19 AM
-- Server version: 10.1.25-MariaDB
-- PHP Version: 7.1.7

SET SQL_MODE = "NO_AUTO_VALUE_ON_ZERO";
SET AUTOCOMMIT = 0;
START TRANSACTION;
SET time_zone = "+00:00";


/*!40101 SET @OLD_CHARACTER_SET_CLIENT=@@CHARACTER_SET_CLIENT */;
/*!40101 SET @OLD_CHARACTER_SET_RESULTS=@@CHARACTER_SET_RESULTS */;
/*!40101 SET @OLD_COLLATION_CONNECTION=@@COLLATION_CONNECTION */;
/*!40101 SET NAMES utf8mb4 */;

--
-- Database: `laravel2`
--

-- --------------------------------------------------------

--
-- Table structure for table `migrations`
--

CREATE TABLE `migrations` (
  `id` int(10) UNSIGNED NOT NULL,
  `migration` varchar(191) COLLATE utf8mb4_unicode_ci NOT NULL,
  `batch` int(11) NOT NULL
) ENGINE=InnoDB DEFAULT CHARSET=utf8mb4 COLLATE=utf8mb4_unicode_ci;

--
-- Dumping data for table `migrations`
--

INSERT INTO `migrations` (`id`, `migration`, `batch`) VALUES
(1, '2014_10_12_000000_create_users_table', 1),
(2, '2014_10_12_100000_create_password_resets_table', 1),
(3, '2016_06_01_000001_create_oauth_auth_codes_table', 1),
(4, '2016_06_01_000002_create_oauth_access_tokens_table', 1),
(5, '2016_06_01_000003_create_oauth_refresh_tokens_table', 1),
(6, '2016_06_01_000004_create_oauth_clients_table', 1),
(7, '2016_06_01_000005_create_oauth_personal_access_clients_table', 1),
(8, '2019_11_02_172918_create_products_table', 1);

-- --------------------------------------------------------

--
-- Table structure for table `oauth_access_tokens`
--

CREATE TABLE `oauth_access_tokens` (
  `id` varchar(100) COLLATE utf8mb4_unicode_ci NOT NULL,
  `user_id` bigint(20) DEFAULT NULL,
  `client_id` int(10) UNSIGNED NOT NULL,
  `name` varchar(191) COLLATE utf8mb4_unicode_ci DEFAULT NULL,
  `scopes` text COLLATE utf8mb4_unicode_ci,
  `revoked` tinyint(1) NOT NULL,
  `created_at` timestamp NULL DEFAULT NULL,
  `updated_at` timestamp NULL DEFAULT NULL,
  `expires_at` datetime DEFAULT NULL
) ENGINE=InnoDB DEFAULT CHARSET=utf8mb4 COLLATE=utf8mb4_unicode_ci;

--
-- Dumping data for table `oauth_access_tokens`
--

INSERT INTO `oauth_access_tokens` (`id`, `user_id`, `client_id`, `name`, `scopes`, `revoked`, `created_at`, `updated_at`, `expires_at`) VALUES
('cdb930bff584b7e90aa0ed27bbd38c02ae0711ed6c6fe7abd79340241d10c3dd2c661af97bdb3803', 1, 2, NULL, '[]', 0, '2019-11-06 23:34:31', '2019-11-06 23:34:31', '2020-11-07 04:34:31');

-- --------------------------------------------------------

--
-- Table structure for table `oauth_auth_codes`
--

CREATE TABLE `oauth_auth_codes` (
  `id` varchar(100) COLLATE utf8mb4_unicode_ci NOT NULL,
  `user_id` bigint(20) NOT NULL,
  `client_id` int(10) UNSIGNED NOT NULL,
  `scopes` text COLLATE utf8mb4_unicode_ci,
  `revoked` tinyint(1) NOT NULL,
  `expires_at` datetime DEFAULT NULL
) ENGINE=InnoDB DEFAULT CHARSET=utf8mb4 COLLATE=utf8mb4_unicode_ci;

-- --------------------------------------------------------

--
-- Table structure for table `oauth_clients`
--

CREATE TABLE `oauth_clients` (
  `id` int(10) UNSIGNED NOT NULL,
  `user_id` bigint(20) DEFAULT NULL,
  `name` varchar(191) COLLATE utf8mb4_unicode_ci NOT NULL,
  `secret` varchar(100) COLLATE utf8mb4_unicode_ci NOT NULL,
  `redirect` text COLLATE utf8mb4_unicode_ci NOT NULL,
  `personal_access_client` tinyint(1) NOT NULL,
  `password_client` tinyint(1) NOT NULL,
  `revoked` tinyint(1) NOT NULL,
  `created_at` timestamp NULL DEFAULT NULL,
  `updated_at` timestamp NULL DEFAULT NULL
) ENGINE=InnoDB DEFAULT CHARSET=utf8mb4 COLLATE=utf8mb4_unicode_ci;

--
-- Dumping data for table `oauth_clients`
--

INSERT INTO `oauth_clients` (`id`, `user_id`, `name`, `secret`, `redirect`, `personal_access_client`, `password_client`, `revoked`, `created_at`, `updated_at`) VALUES
(1, NULL, 'Laravel Personal Access Client', 'UooXJ2bRaMLdZgFbcEnoGMrzif5ZYS7SMcK1jiBe', 'http://localhost', 1, 0, 0, '2019-11-06 23:22:01', '2019-11-06 23:22:01'),
(2, NULL, 'Laravel Password Grant Client', 'pkQjvzj1SqiaL5xZy31D57FQlK9zDjBAdxlh13Dx', 'http://localhost', 0, 1, 0, '2019-11-06 23:22:01', '2019-11-06 23:22:01');

-- --------------------------------------------------------

--
-- Table structure for table `oauth_personal_access_clients`
--

CREATE TABLE `oauth_personal_access_clients` (
  `id` int(10) UNSIGNED NOT NULL,
  `client_id` int(10) UNSIGNED NOT NULL,
  `created_at` timestamp NULL DEFAULT NULL,
  `updated_at` timestamp NULL DEFAULT NULL
) ENGINE=InnoDB DEFAULT CHARSET=utf8mb4 COLLATE=utf8mb4_unicode_ci;

--
-- Dumping data for table `oauth_personal_access_clients`
--

INSERT INTO `oauth_personal_access_clients` (`id`, `client_id`, `created_at`, `updated_at`) VALUES
(1, 1, '2019-11-06 23:22:01', '2019-11-06 23:22:01');

-- --------------------------------------------------------

--
-- Table structure for table `oauth_refresh_tokens`
--

CREATE TABLE `oauth_refresh_tokens` (
  `id` varchar(100) COLLATE utf8mb4_unicode_ci NOT NULL,
  `access_token_id` varchar(100) COLLATE utf8mb4_unicode_ci NOT NULL,
  `revoked` tinyint(1) NOT NULL,
  `expires_at` datetime DEFAULT NULL
) ENGINE=InnoDB DEFAULT CHARSET=utf8mb4 COLLATE=utf8mb4_unicode_ci;

--
-- Dumping data for table `oauth_refresh_tokens`
--

INSERT INTO `oauth_refresh_tokens` (`id`, `access_token_id`, `revoked`, `expires_at`) VALUES
('745de6b1316b2d376ad68a0ba1ad61030ef5d00b1cbf2984da77b9facda06773089e18424cfc1d59', 'cdb930bff584b7e90aa0ed27bbd38c02ae0711ed6c6fe7abd79340241d10c3dd2c661af97bdb3803', 0, '2020-11-07 04:34:31');

-- --------------------------------------------------------

--
-- Table structure for table `password_resets`
--

CREATE TABLE `password_resets` (
  `email` varchar(191) COLLATE utf8mb4_unicode_ci NOT NULL,
  `token` varchar(191) COLLATE utf8mb4_unicode_ci NOT NULL,
  `created_at` timestamp NULL DEFAULT NULL
) ENGINE=InnoDB DEFAULT CHARSET=utf8mb4 COLLATE=utf8mb4_unicode_ci;

-- --------------------------------------------------------

--
-- Table structure for table `products`
--

CREATE TABLE `products` (
  `id` bigint(20) UNSIGNED NOT NULL,
  `name` varchar(191) COLLATE utf8mb4_unicode_ci NOT NULL,
  `detail` text COLLATE utf8mb4_unicode_ci NOT NULL,
  `price` int(11) NOT NULL,
  `stock` int(11) NOT NULL,
  `discount` int(11) NOT NULL,
  `user_id` int(10) UNSIGNED NOT NULL,
  `created_at` timestamp NULL DEFAULT NULL,
  `updated_at` timestamp NULL DEFAULT NULL
) ENGINE=InnoDB DEFAULT CHARSET=utf8mb4 COLLATE=utf8mb4_unicode_ci;

--
-- Dumping data for table `products`
--

INSERT INTO `products` (`id`, `name`, `detail`, `price`, `stock`, `discount`, `user_id`, `created_at`, `updated_at`) VALUES
(2, 'Apple 123', 'This is Apple 123 Device and I am wishing this to you', 333, 100, 25, 3, '2019-11-06 23:26:39', '2019-11-06 23:40:17'),
(5, 'rerum', 'Autem repudiandae et veniam reiciendis neque inventore mollitia ullam. Cum consequatur maiores repellendus impedit cum laboriosam. Maxime asperiores voluptatem hic error fuga consequatur dolor. Excepturi necessitatibus praesentium ut ex doloremque.', 769, 4, 52, 5, '2019-11-06 23:26:39', '2019-11-06 23:26:39'),
(6, 'repellat', 'Illo consectetur ad velit ipsum quasi quos excepturi. Non fugiat sit ipsum doloribus.', 801, 0, 94, 4, '2019-11-06 23:26:39', '2019-11-06 23:26:39'),
(7, 'id', 'Non qui dolor quos eaque. At et consequatur dolor incidunt. Quam voluptatum et adipisci delectus. Sint ipsam aut id doloremque odit.', 739, 6, 92, 3, '2019-11-06 23:26:39', '2019-11-06 23:26:39'),
(8, 'fuga', 'Sed distinctio nihil iure fuga. Fugit autem et vel aut repudiandae officia. Veritatis odio accusantium minima dolorem rerum quam enim. Culpa doloremque maiores expedita facilis quia sunt.', 955, 3, 28, 2, '2019-11-06 23:26:39', '2019-11-06 23:26:39'),
(9, 'vel', 'Odio laborum cupiditate reprehenderit velit odit possimus. Reprehenderit ea veniam qui enim blanditiis consequuntur ex qui. Recusandae et in sit non. Sint distinctio recusandae qui aut cumque eos.', 652, 2, 58, 4, '2019-11-06 23:26:39', '2019-11-06 23:26:39'),
(10, 'at', 'In est natus voluptatem ea similique exercitationem. Doloribus corporis quasi minima eaque. Fugiat quod dolor officia nihil similique aut.', 152, 2, 73, 4, '2019-11-06 23:26:39', '2019-11-06 23:26:39'),
(11, 'autem', 'Sit cumque suscipit cum accusamus. Quod quas officia omnis qui sed. In dolores cupiditate error aut saepe nihil tenetur.', 405, 1, 20, 5, '2019-11-06 23:26:39', '2019-11-06 23:26:39'),
(12, 'sed', 'In et impedit repellendus id. Aspernatur culpa reprehenderit fugit. Vel et aut est voluptatum velit rerum.', 561, 2, 56, 1, '2019-11-06 23:26:40', '2019-11-06 23:26:40'),
(13, 'aperiam', 'Quae sed eos aliquid et et quia doloremque. Consequatur vero inventore mollitia sit autem et. Molestias id sint temporibus totam possimus. Similique officiis nulla illum est.', 320, 6, 73, 3, '2019-11-06 23:26:40', '2019-11-06 23:26:40'),
(14, 'enim', 'Iure optio neque vero voluptatem nihil. Quasi assumenda est dicta dignissimos. Sapiente adipisci qui accusantium architecto non voluptas.', 907, 6, 99, 3, '2019-11-06 23:26:40', '2019-11-06 23:26:40'),
(15, 'earum', 'Veritatis quidem rem assumenda quo. Veniam est omnis eligendi perspiciatis et commodi. Voluptatem unde molestiae laudantium. Aut ut illo aut ipsam.', 752, 1, 76, 3, '2019-11-06 23:26:40', '2019-11-06 23:26:40'),
(16, 'nostrum', 'Voluptate quia quia assumenda velit. Eos praesentium illo eveniet odio nihil dignissimos. Aliquid delectus voluptatem omnis consequatur minus. Iure cum exercitationem ipsa.', 595, 7, 23, 2, '2019-11-06 23:26:40', '2019-11-06 23:26:40'),
(17, 'tempore', 'Qui voluptate excepturi sit et facere odit repellendus et. Ut est pariatur omnis harum. Laborum ad consequatur unde iure cum omnis. Vel dolorum suscipit praesentium voluptas adipisci voluptatibus.', 875, 8, 19, 1, '2019-11-06 23:26:40', '2019-11-06 23:26:40'),
(18, 'nihil', 'Odit vel earum dolorum fuga quae laudantium. Voluptatum voluptas sint assumenda culpa quod. Tempora omnis debitis et voluptatem labore doloremque nulla.', 906, 2, 60, 1, '2019-11-06 23:26:40', '2019-11-06 23:26:40'),
(19, 'sed', 'Eos consequatur et consequatur officiis. Rem dolorem ut repellat id omnis id accusantium. Non ut repellat qui blanditiis at. Qui quis culpa enim fuga qui consequatur harum et.', 189, 3, 36, 3, '2019-11-06 23:26:40', '2019-11-06 23:26:40'),
(20, 'at', 'Fugit et dolores corporis voluptatem. Magni aliquam cumque commodi tempore. Voluptatem repellendus dolor pariatur dolorem illum. Aut reiciendis quia ut cum iusto reprehenderit incidunt tenetur.', 984, 0, 52, 5, '2019-11-06 23:26:40', '2019-11-06 23:26:40'),
(21, 'quo', 'Esse ea et vero molestiae earum aliquid. Reiciendis id sequi laboriosam magni neque quam nulla. Debitis distinctio sint quo.', 442, 9, 75, 1, '2019-11-06 23:26:40', '2019-11-06 23:26:40'),
(22, 'est', 'Illo ad quisquam molestiae ullam aut. Voluptas a quod est nihil dignissimos corrupti. Exercitationem consectetur deserunt est iste quam reprehenderit accusamus.', 791, 8, 30, 5, '2019-11-06 23:26:40', '2019-11-06 23:26:40'),
(23, 'est', 'Deserunt atque beatae consequatur. Accusantium eveniet voluptatem eum nisi quo. Similique quis dolorem consectetur autem.', 122, 7, 27, 4, '2019-11-06 23:26:40', '2019-11-06 23:26:40'),
(24, 'quidem', 'Reprehenderit ut vero adipisci voluptates. Aut quidem sed dolor sint similique tempora. Similique iure ab vel voluptas autem labore dolor. Porro accusantium rerum exercitationem dolorem neque minima. Nesciunt vitae voluptates consequuntur totam molestiae aliquam aperiam.', 930, 4, 35, 1, '2019-11-06 23:26:40', '2019-11-06 23:26:40'),
(25, 'reiciendis', 'Vitae voluptatem quo soluta nobis et praesentium ipsum. Corporis nostrum blanditiis et officiis enim. Commodi eius magnam cum quia tenetur. Nostrum tempora nisi quos ducimus labore.', 227, 8, 67, 5, '2019-11-06 23:26:40', '2019-11-06 23:26:40'),
(26, 'veritatis', 'Consequatur sed molestiae vitae et rerum eaque beatae. Nobis atque alias recusandae harum harum deleniti. Et vel nihil facilis quidem.', 833, 2, 51, 1, '2019-11-06 23:26:40', '2019-11-06 23:26:40'),
(27, 'sit', 'Qui blanditiis odio dicta excepturi. Neque est eum voluptatum incidunt explicabo. Dolorem modi voluptate dolor cupiditate non. Rerum animi impedit architecto modi.', 582, 4, 28, 4, '2019-11-06 23:26:40', '2019-11-06 23:26:40'),
(28, 'quas', 'Ipsum aspernatur vitae voluptatem neque porro veritatis excepturi. Assumenda impedit laboriosam dolores eligendi. Sint eaque vitae dicta excepturi in omnis laborum temporibus. Ducimus error amet quia eveniet.', 737, 7, 33, 3, '2019-11-06 23:26:40', '2019-11-06 23:26:40'),
(29, 'et', 'Dolore accusamus et voluptatem totam totam. Dolorem odio sed et quibusdam facilis ducimus. Quae delectus ducimus magnam qui consequatur enim explicabo consequuntur.', 290, 4, 98, 4, '2019-11-06 23:26:40', '2019-11-06 23:26:40'),
(30, 'perferendis', 'Tenetur nobis dolor ut eum quia. Nisi ab nostrum suscipit voluptas aliquam neque. Nesciunt et ex quod nobis. Quaerat enim sit qui.', 189, 8, 70, 5, '2019-11-06 23:26:40', '2019-11-06 23:26:40'),
(31, 'harum', 'Voluptas ipsam non esse qui eos exercitationem consequatur et. Totam impedit officia in et et. Perferendis est excepturi dicta architecto soluta. Reprehenderit recusandae id odit sint. Officia sed accusamus quam est.', 514, 6, 54, 1, '2019-11-06 23:26:40', '2019-11-06 23:26:40'),
(32, 'unde', 'Cum at repellendus magnam. Aut dolorem ea velit quis. Deserunt qui et nulla.', 259, 2, 55, 3, '2019-11-06 23:26:40', '2019-11-06 23:26:40'),
(33, 'explicabo', 'Beatae sapiente eveniet eius dolorum ab dignissimos. Non voluptatem fuga optio nisi. Sapiente in perferendis sapiente et non suscipit. Est dolorem porro quaerat quis.', 890, 1, 64, 4, '2019-11-06 23:26:40', '2019-11-06 23:26:40'),
(34, 'ab', 'Recusandae sit voluptas deleniti tempore possimus. Similique tempora labore magnam optio atque reprehenderit. Repellat sit corrupti doloribus qui enim. Quo et temporibus non.', 595, 4, 55, 5, '2019-11-06 23:26:40', '2019-11-06 23:26:40'),
(35, 'fugit', 'Consequuntur tempora nam pariatur. Est doloremque esse est aliquid voluptatum commodi. Recusandae minima itaque aut nisi harum culpa necessitatibus. Cupiditate rem laudantium et doloribus quos neque incidunt maiores. Est fugit vitae voluptatem maiores consequatur consequatur.', 361, 0, 77, 5, '2019-11-06 23:26:40', '2019-11-06 23:26:40'),
(36, 'fugiat', 'Reiciendis eos necessitatibus aliquid ex necessitatibus veritatis. Est magnam voluptate atque ipsam numquam. Veniam atque officia harum voluptatibus quo aut vel. Quidem autem saepe aut odio.', 174, 6, 28, 2, '2019-11-06 23:26:40', '2019-11-06 23:26:40'),
(37, 'at', 'Tenetur voluptatem sit magni asperiores id. Laborum cum possimus consequatur magnam et saepe. Culpa impedit delectus vitae quia reiciendis.', 437, 4, 24, 3, '2019-11-06 23:26:40', '2019-11-06 23:26:40'),
(38, 'quis', 'Nihil voluptas vel molestias molestiae corrupti aliquam animi. Deleniti facilis dolor sint est. Quaerat eos qui magnam. Cumque qui error ab reiciendis.', 993, 3, 90, 3, '2019-11-06 23:26:40', '2019-11-06 23:26:40'),
(39, 'blanditiis', 'Maxime et voluptatem consectetur ratione quia. Numquam cumque architecto natus enim id delectus. Repudiandae voluptatum officia laborum sed cum ratione aperiam.', 254, 5, 56, 4, '2019-11-06 23:26:40', '2019-11-06 23:26:40'),
(40, 'ab', 'Id sunt qui sit est. Totam non id porro eum. Distinctio consequatur et fuga dolorem molestiae mollitia sapiente. Ut consequuntur necessitatibus temporibus quia. Tempore vel mollitia atque officiis consequatur.', 283, 5, 61, 1, '2019-11-06 23:26:40', '2019-11-06 23:26:40'),
(41, 'eos', 'Similique error beatae perspiciatis aut saepe vitae. Voluptatibus saepe tenetur dicta delectus neque itaque quibusdam. Voluptatibus sit illo neque odio accusantium. Alias sit odit blanditiis maiores quos voluptates.', 289, 9, 99, 2, '2019-11-06 23:26:40', '2019-11-06 23:26:40'),
(42, 'ut', 'Amet quos maiores magnam vel reprehenderit. Odit deleniti dolor illum enim. Aliquid ut sed porro illum voluptates mollitia. Natus est earum aut et quisquam. Consectetur aut quasi aliquid porro amet adipisci quae.', 352, 4, 68, 1, '2019-11-06 23:26:40', '2019-11-06 23:26:40'),
(43, 'nisi', 'Nihil unde quas velit. Non iste sequi cum enim eligendi alias omnis. Enim qui magni quas.', 559, 9, 34, 3, '2019-11-06 23:26:40', '2019-11-06 23:26:40'),
(44, 'quis', 'Expedita provident qui molestiae explicabo ratione molestiae unde. Minima sed autem suscipit repellendus et provident dolores. Quam non nesciunt qui quibusdam et.', 184, 1, 68, 3, '2019-11-06 23:26:40', '2019-11-06 23:26:40'),
(45, 'voluptatem', 'Qui voluptatem sint facere natus rerum tempora. Maiores similique magni ea. Commodi consequuntur atque quam qui.', 664, 6, 55, 1, '2019-11-06 23:26:41', '2019-11-06 23:26:41'),
(46, 'quia', 'Eum ipsa possimus aut et aliquid. Error fuga earum doloribus et eos. Debitis temporibus repudiandae eum expedita.', 291, 5, 37, 5, '2019-11-06 23:26:41', '2019-11-06 23:26:41'),
(47, 'exercitationem', 'Architecto praesentium adipisci sint ducimus quas. Temporibus neque porro vero quisquam optio. Est atque quis ab. Sunt fugiat sed est tenetur voluptas deserunt.', 674, 8, 39, 2, '2019-11-06 23:26:41', '2019-11-06 23:26:41'),
(48, 'odio', 'Deserunt soluta molestiae unde occaecati. Suscipit explicabo libero eos est. Et incidunt voluptates facilis voluptas possimus ducimus quod voluptates.', 629, 1, 85, 5, '2019-11-06 23:26:41', '2019-11-06 23:26:41'),
(49, 'animi', 'Quidem molestias similique quas est. Nam quia vero voluptas veniam sequi et. Et voluptatum rerum ad ut repudiandae necessitatibus.', 181, 3, 44, 1, '2019-11-06 23:26:41', '2019-11-06 23:26:41'),
(50, 'quod', 'Praesentium est aut maxime voluptatum quod. Amet laudantium dignissimos repudiandae quo error ipsa. Consequatur beatae quam dolore saepe impedit.', 408, 3, 35, 3, '2019-11-06 23:26:41', '2019-11-06 23:26:41');

-- --------------------------------------------------------

--
-- Table structure for table `reviews`
--

CREATE TABLE `reviews` (
  `id` bigint(20) UNSIGNED NOT NULL,
  `product_id` int(10) UNSIGNED NOT NULL,
  `customer` varchar(191) COLLATE utf8mb4_unicode_ci NOT NULL,
  `review` text COLLATE utf8mb4_unicode_ci NOT NULL,
  `star` int(11) NOT NULL,
  `created_at` timestamp NULL DEFAULT NULL,
  `updated_at` timestamp NULL DEFAULT NULL
) ENGINE=InnoDB DEFAULT CHARSET=utf8mb4 COLLATE=utf8mb4_unicode_ci;

--
-- Dumping data for table `reviews`
--

INSERT INTO `reviews` (`id`, `product_id`, `customer`, `review`, `star`, `created_at`, `updated_at`) VALUES
(3, 17, 'Ietezaz ul Hassan', 'This is pretty review', 3, '2019-11-06 23:26:41', '2019-11-07 06:45:02'),
(4, 3, 'Mr. Kristian Pouros', 'Iure fugit et perferendis aut. Voluptatem rerum dignissimos et quia. Quia atque est est dolorem. Corrupti nihil temporibus eaque adipisci incidunt sed enim debitis.', 4, '2019-11-06 23:26:41', '2019-11-06 23:26:41'),
(5, 5, 'Dr. Jo Marvin MD', 'Commodi amet fugiat at cupiditate. Incidunt iure quis vel omnis fugiat. Dolor maxime eaque repellendus omnis. Nihil placeat laboriosam sequi dolorum delectus et soluta.', 1, '2019-11-06 23:26:41', '2019-11-06 23:26:41'),
(6, 33, 'Colby Ruecker', 'Temporibus earum autem suscipit eos sed sunt. Est nemo quo dolorem. Voluptatem et aspernatur exercitationem dolorem quia ex. Ut assumenda corporis rerum ut quas.', 2, '2019-11-06 23:26:41', '2019-11-06 23:26:41'),
(7, 19, 'Ms. Kariane Kunze', 'Dignissimos omnis deleniti nulla quo. Autem voluptas saepe dolor quia.', 5, '2019-11-06 23:26:41', '2019-11-06 23:26:41'),
(8, 34, 'Warren Mills IV', 'Deleniti rem est error cumque accusamus nisi. Fugit provident amet odio voluptatem. Delectus eum odio quia dolorum eos repellat et rerum. Fuga aut mollitia autem eligendi harum sequi rerum.', 4, '2019-11-06 23:26:41', '2019-11-06 23:26:41'),
(9, 5, 'Zackery Konopelski', 'Doloribus quae eum doloremque nisi veritatis voluptas doloremque rerum. Consequatur iste repellendus quos maiores distinctio qui quia. Voluptatem quo commodi voluptas et. Voluptatem sint consequuntur accusantium placeat in alias expedita.', 3, '2019-11-06 23:26:41', '2019-11-06 23:26:41'),
(10, 39, 'Prof. Bernadette Streich II', 'Culpa dolorum aspernatur nihil earum eos nihil similique quo. Sed atque mollitia quis ut consectetur. Occaecati aut dolor eum odio. Earum laborum porro eum at non. Earum hic laborum tenetur consequuntur placeat quia voluptas.', 1, '2019-11-06 23:26:41', '2019-11-06 23:26:41'),
(11, 41, 'Imelda Willms I', 'Consequatur dolore ad delectus ut. Illum dolores qui et maxime voluptas quod. Fuga inventore quam suscipit.', 3, '2019-11-06 23:26:42', '2019-11-06 23:26:42'),
(12, 20, 'Treva Lowe', 'Quaerat sint quae quae. Est laudantium illo repellendus ipsa. Consequatur ut dignissimos deleniti autem id quidem deserunt. Sed rem officiis ad. Et omnis temporibus vero non aliquam.', 2, '2019-11-06 23:26:42', '2019-11-06 23:26:42'),
(13, 47, 'Mrs. Trinity Bode', 'Culpa culpa aspernatur voluptate quos laboriosam suscipit. Aspernatur architecto repellat nobis quia enim maxime quia. Est est eos et omnis. Aut velit quas ratione libero architecto.', 3, '2019-11-06 23:26:42', '2019-11-06 23:26:42'),
(14, 2, 'Jaida Rosenbaum', 'Illo iste ipsa aut sed saepe voluptates. Quae reprehenderit magni accusamus pariatur eos sapiente nam. Eveniet et ut fuga sequi ut adipisci ut. Esse atque quia cupiditate incidunt.', 4, '2019-11-06 23:26:42', '2019-11-06 23:26:42'),
(15, 42, 'Mrs. Claudia Heidenreich Sr.', 'Ex culpa sequi aut id suscipit iusto explicabo. Laudantium facilis deserunt voluptatem sed. Ipsam sed maiores error qui velit nisi quia omnis.', 5, '2019-11-06 23:26:42', '2019-11-06 23:26:42'),
(16, 2, 'Josefina Morar DVM', 'Consequatur aliquam optio veniam voluptates aut sit excepturi odio. Est nemo modi quo odit nisi voluptas. Pariatur eos vel tempora ut.', 3, '2019-11-06 23:26:42', '2019-11-06 23:26:42'),
(17, 15, 'Ross Kuphal', 'Impedit ut magni animi perferendis cum. Totam dolores ut in exercitationem temporibus illo sunt. Quibusdam et et temporibus dolore est. Beatae aut ducimus non saepe.', 0, '2019-11-06 23:26:42', '2019-11-06 23:26:42'),
(18, 10, 'Kali Frami', 'Omnis autem qui fugit. Aut rem vero odio reprehenderit quia. Aut voluptas voluptatem fugiat voluptas. Provident et hic aut ut.', 0, '2019-11-06 23:26:42', '2019-11-06 23:26:42'),
(19, 12, 'Lester Predovic', 'Et vitae veritatis et minus rem. Dolore tempore suscipit dolor impedit.', 0, '2019-11-06 23:26:42', '2019-11-06 23:26:42'),
(20, 1, 'Aiden Purdy', 'Expedita consectetur est quia praesentium est. Architecto adipisci sit facere. Magnam perferendis dolorem at repellendus.', 3, '2019-11-06 23:26:42', '2019-11-06 23:26:42'),
(21, 8, 'Irving Gerhold', 'Quisquam enim et culpa fugiat. Accusamus consequuntur tempore maiores ducimus voluptates tempora. Nobis nostrum quia quidem explicabo nihil esse.', 2, '2019-11-06 23:26:42', '2019-11-06 23:26:42'),
(22, 42, 'Alba Leannon', 'Esse magni ut sint culpa. Tenetur id maiores inventore molestiae architecto libero voluptates. Sint dolorem est ex laudantium quidem qui quis.', 5, '2019-11-06 23:26:42', '2019-11-06 23:26:42'),
(23, 4, 'Niko Stroman', 'Nisi provident nulla qui. Et mollitia similique excepturi qui velit. Enim laborum aliquid vero dolores doloribus dolor.', 0, '2019-11-06 23:26:42', '2019-11-06 23:26:42'),
(24, 33, 'Laverne Davis V', 'Reiciendis est perferendis libero laudantium. Sequi voluptatem saepe omnis vel. Earum eius tenetur nulla placeat magni mollitia.', 4, '2019-11-06 23:26:42', '2019-11-06 23:26:42'),
(25, 24, 'Manuela Osinski', 'Voluptas id excepturi voluptatem atque. Excepturi cupiditate dolorum adipisci unde quo. Eaque vitae ratione beatae voluptatem amet. Non mollitia reprehenderit non amet.', 3, '2019-11-06 23:26:42', '2019-11-06 23:26:42'),
(26, 7, 'Kraig Johns', 'Reiciendis reprehenderit aut ducimus. Vel et ullam quas odio dolorum. Qui nulla iusto minus non sed maxime non.', 3, '2019-11-06 23:26:42', '2019-11-06 23:26:42'),
(27, 21, 'Sigurd Bartoletti', 'Aspernatur ratione et tempore voluptatem ut amet inventore porro. Repellat non in eum minima et ut. Officia nesciunt eius dolorum voluptatum.', 4, '2019-11-06 23:26:42', '2019-11-06 23:26:42'),
(28, 11, 'Jarrett Purdy IV', 'Ullam aspernatur illo eum voluptas blanditiis nostrum et. Error molestiae voluptatibus debitis nam excepturi modi error. Excepturi quia minus corporis labore est odit excepturi non. Ducimus itaque earum impedit in.', 2, '2019-11-06 23:26:42', '2019-11-06 23:26:42'),
(29, 8, 'April Beatty', 'Commodi quaerat dolorum praesentium reiciendis. Natus et ducimus minus qui veniam. Id error numquam sed et iusto.', 1, '2019-11-06 23:26:42', '2019-11-06 23:26:42'),
(30, 32, 'Russel Bartoletti', 'Dignissimos exercitationem quasi numquam non. Enim quaerat hic facilis exercitationem. Veritatis debitis molestiae qui. Id laboriosam et ad molestiae.', 2, '2019-11-06 23:26:42', '2019-11-06 23:26:42'),
(31, 25, 'Ms. Katrina Ankunding', 'Velit eum in sunt libero at. Voluptas ullam est nam commodi nemo nostrum. Enim laudantium aut voluptatum nesciunt error omnis ut odit.', 5, '2019-11-06 23:26:42', '2019-11-06 23:26:42'),
(32, 29, 'Stephen Berge', 'Fuga error quod quas. Et dolores incidunt sed corporis eos odio accusantium eaque. Eum fuga asperiores eligendi officia atque. Rem qui qui dolores esse molestiae porro illo reprehenderit.', 5, '2019-11-06 23:26:42', '2019-11-06 23:26:42'),
(33, 45, 'Priscilla Thompson', 'Temporibus ullam nostrum nihil non. Saepe dolores pariatur minus temporibus deserunt. Consequuntur distinctio fuga quisquam veniam laborum.', 3, '2019-11-06 23:26:42', '2019-11-06 23:26:42'),
(35, 33, 'Angelita Kris IV', 'Ab quas omnis eos sit adipisci sint soluta. Sunt neque dolores ipsum et velit. Soluta quia eligendi quia dicta delectus corporis. Et impedit accusantium omnis.', 4, '2019-11-06 23:26:42', '2019-11-06 23:26:42'),
(37, 49, 'Mr. Devin Doyle Sr.', 'Laudantium et saepe eum voluptatem. Dolor repellat natus deserunt occaecati amet. Nulla sint qui similique est. Deleniti nulla dolorem temporibus rerum optio.', 4, '2019-11-06 23:26:42', '2019-11-06 23:26:42'),
(38, 23, 'Dr. Elenora Schuster II', 'Deleniti est maxime iste nisi ut nisi est aliquid. Perspiciatis ab quia sint reprehenderit facere et. Consequuntur error ut ipsa mollitia. Quia quisquam facere error labore. Sint libero amet debitis ipsum mollitia dignissimos.', 5, '2019-11-06 23:26:42', '2019-11-06 23:26:42'),
(39, 1, 'Johnson Sawayn', 'Cumque tenetur rerum repellat facere sunt magnam. Sit voluptatum vitae quasi consequatur eos accusamus. Eligendi eos unde officia atque dignissimos dicta dignissimos distinctio. Officia ut numquam ipsum ducimus rerum non sunt.', 2, '2019-11-06 23:26:43', '2019-11-06 23:26:43'),
(40, 22, 'Mauricio Buckridge', 'Illo commodi voluptatem quo. Ut sit voluptatem veritatis dolor. Voluptas consequatur et culpa alias consequatur quod. Iusto deleniti neque et. Aut eos nihil qui nesciunt sint.', 0, '2019-11-06 23:26:43', '2019-11-06 23:26:43'),
(41, 25, 'Ms. Name Bergstrom', 'Veniam deleniti tenetur itaque eaque provident sed harum facilis. Alias fuga beatae cum quis. Ea non soluta ipsam quod. Vero libero facilis fugit ipsum veritatis nemo et. Tenetur dolor temporibus voluptate aperiam inventore accusamus omnis.', 2, '2019-11-06 23:26:43', '2019-11-06 23:26:43'),
(42, 33, 'Ms. Breanne Towne Jr.', 'Sunt officiis quos hic non atque similique dolor. Sit atque soluta harum molestiae quia dolore. Vel et quod natus tenetur.', 5, '2019-11-06 23:26:43', '2019-11-06 23:26:43'),
(43, 35, 'Kasey Block', 'At esse et excepturi ut corrupti in. Temporibus id unde repellendus adipisci. Et rerum modi consectetur non.', 0, '2019-11-06 23:26:43', '2019-11-06 23:26:43'),
(44, 36, 'Heather Homenick', 'Quibusdam voluptates alias sed cupiditate. Similique dolorem voluptatibus magni explicabo sed. Voluptatibus quidem ducimus animi voluptatem corporis eum.', 0, '2019-11-06 23:26:43', '2019-11-06 23:26:43'),
(45, 1, 'Otho Williamson Sr.', 'Numquam doloremque incidunt est cum eveniet. Ab facere corporis nulla vero maiores sit. Pariatur optio hic voluptatum esse.', 4, '2019-11-06 23:26:43', '2019-11-06 23:26:43'),
(46, 50, 'Ruth Herman II', 'Illum tempora libero at ea harum sed. Tenetur nihil rerum culpa fugit. Consequuntur quis numquam sed omnis quod voluptates.', 5, '2019-11-06 23:26:43', '2019-11-06 23:26:43'),
(47, 37, 'Mayra Legros', 'Qui asperiores distinctio sit quos delectus eos voluptatem. Atque vero dolore et numquam doloribus eum voluptas nostrum. Eum a itaque quas qui eos tenetur quia expedita. Ipsum occaecati ut aut ducimus totam eos.', 2, '2019-11-06 23:26:43', '2019-11-06 23:26:43'),
(48, 16, 'Nichole Wuckert DDS', 'Id voluptatum eius non sed. Ex qui odio voluptatibus voluptatum. Velit reiciendis aut dolores suscipit. Explicabo aut consequatur facere quasi molestiae voluptatem.', 3, '2019-11-06 23:26:43', '2019-11-06 23:26:43'),
(49, 21, 'Reece Turner', 'Laudantium veniam voluptas itaque ad tenetur illum. Inventore harum perferendis sit quas. Ut eum voluptatum error et.', 4, '2019-11-06 23:26:43', '2019-11-06 23:26:43'),
(50, 38, 'Will Ernser', 'Sint molestiae repudiandae explicabo sit deserunt. Quibusdam voluptates eius autem. Aliquid reiciendis qui quasi exercitationem. Vero consequatur voluptatum repudiandae.', 3, '2019-11-06 23:26:43', '2019-11-06 23:26:43'),
(51, 16, 'Bette Mertz', 'Iusto fuga nulla aut non. Quam corrupti ex aspernatur consequatur aut.', 2, '2019-11-06 23:26:43', '2019-11-06 23:26:43'),
(52, 16, 'Magnolia Beer DVM', 'Exercitationem qui consequatur vitae asperiores dolores. Enim quae aut iure ut aliquam deserunt esse. Et quisquam qui voluptatem.', 4, '2019-11-06 23:26:43', '2019-11-06 23:26:43'),
(53, 19, 'Isabel Skiles', 'Eaque consequatur laboriosam adipisci asperiores qui doloribus. Non aut rerum unde nihil sint ullam. Optio laborum dignissimos provident adipisci sed deleniti.', 4, '2019-11-06 23:26:43', '2019-11-06 23:26:43'),
(54, 25, 'Laura Zemlak', 'Esse sunt voluptatem suscipit porro ratione harum sunt numquam. Quo est alias facere molestias labore totam. Explicabo voluptatem non voluptatem porro sunt voluptate. Nisi itaque dignissimos quos illum similique dolores.', 1, '2019-11-06 23:26:43', '2019-11-06 23:26:43'),
(55, 39, 'Dr. Caleigh Gibson DDS', 'Perferendis repellendus aut doloremque unde. Provident voluptate autem quod accusantium explicabo. Nobis nam voluptatum facere fugiat dolorem.', 5, '2019-11-06 23:26:43', '2019-11-06 23:26:43'),
(56, 21, 'Clay Grant', 'Dolorem dolores vel sed rerum iusto fuga pariatur. Accusamus et est quibusdam qui. Sed fugiat nihil culpa eos commodi est. Sed ab quasi iusto voluptas quae eum hic.', 5, '2019-11-06 23:26:43', '2019-11-06 23:26:43'),
(57, 40, 'Miss Annabelle Willms MD', 'Repellat laborum incidunt harum nulla alias praesentium fuga. Minus perferendis aut explicabo quia sunt.', 0, '2019-11-06 23:26:43', '2019-11-06 23:26:43'),
(58, 7, 'Prof. August Bosco', 'Consequuntur quo natus consequatur odit quos sunt. Et voluptas tempora et accusamus nobis mollitia beatae. Dolorem eveniet et fugiat sequi. Eveniet repellat sed debitis sit sed consequatur quam.', 3, '2019-11-06 23:26:43', '2019-11-06 23:26:43'),
(59, 10, 'Leonora Spinka', 'Voluptate sunt ut quas eum neque. Dicta asperiores quia doloribus vel quas est. Delectus illo ut illum sit.', 0, '2019-11-06 23:26:43', '2019-11-06 23:26:43'),
(60, 3, 'Aryanna Roberts', 'Ut consectetur labore eos voluptates rerum. Porro ut perferendis fugit. Vero minus id cupiditate atque facere.', 2, '2019-11-06 23:26:43', '2019-11-06 23:26:43'),
(61, 44, 'Sharon Batz', 'Animi vitae ut expedita ut tempore quo. Reiciendis non magni sunt et voluptas. Omnis nam optio tempora itaque deserunt aut et. Odit autem dolorem vitae nulla sunt hic aliquid.', 0, '2019-11-06 23:26:43', '2019-11-06 23:26:43'),
(62, 33, 'Ms. Ena Hill', 'Fugiat provident magnam reiciendis commodi. Qui enim aut culpa modi eos.', 5, '2019-11-06 23:26:43', '2019-11-06 23:26:43'),
(63, 45, 'Prof. Kevin Schmeler Jr.', 'Deleniti voluptatum rerum minima sint. Placeat odio officia rerum laborum. Magni eos doloremque odit. Quas ipsam assumenda repellat eveniet.', 0, '2019-11-06 23:26:43', '2019-11-06 23:26:43'),
(64, 20, 'Prof. Rasheed Dickens Sr.', 'Ut sint reprehenderit ut aliquam quos sit quam. Recusandae facere autem optio nesciunt. Rerum quo alias quos corporis hic impedit.', 0, '2019-11-06 23:26:43', '2019-11-06 23:26:43'),
(65, 18, 'Valentin Koch', 'Tempora doloremque explicabo ad vitae. Natus in et consequatur qui id dolore minima. Et nostrum nulla et ea harum et.', 1, '2019-11-06 23:26:43', '2019-11-06 23:26:43'),
(66, 9, 'Miss Nichole Kemmer III', 'Et nihil rerum ipsa deserunt. Iure consequatur alias provident iure sed vero aut quis.', 0, '2019-11-06 23:26:43', '2019-11-06 23:26:43'),
(67, 20, 'Darwin Bernhard', 'Quia recusandae reiciendis sit necessitatibus. Dolorum explicabo maiores rem eum aliquam magnam.', 0, '2019-11-06 23:26:43', '2019-11-06 23:26:43'),
(68, 42, 'Prof. Ladarius Kautzer IV', 'Voluptatem facere ipsum inventore consequuntur dolores quisquam assumenda. Qui velit ut et ut molestias.', 0, '2019-11-06 23:26:43', '2019-11-06 23:26:43'),
(69, 15, 'Dr. Chance Fadel Jr.', 'Dolores consequuntur deleniti expedita. Aspernatur dolor et repellendus maiores natus. Quos ut non ad quidem pariatur exercitationem. Eos repudiandae sint id sed quasi nihil aperiam.', 1, '2019-11-06 23:26:43', '2019-11-06 23:26:43'),
(70, 11, 'Dr. Malcolm Lehner', 'Eum est pariatur totam quibusdam aperiam ea illum. Tempora non autem est omnis sit labore reiciendis. Soluta tempora accusamus fuga a sed sapiente repellendus. Libero ducimus ullam necessitatibus ea earum.', 2, '2019-11-06 23:26:43', '2019-11-06 23:26:43'),
(71, 14, 'Austyn Dickens PhD', 'Consequatur nobis voluptas qui necessitatibus quae. Et ipsam officiis architecto iste pariatur. Repellendus iure maxime aut aut dolor ducimus. Eligendi nobis nulla ex maiores vero voluptates. Delectus quae sunt placeat.', 2, '2019-11-06 23:26:43', '2019-11-06 23:26:43'),
(72, 19, 'Prof. Cordia Gulgowski II', 'Veritatis nobis quis provident delectus ea dolor. Debitis saepe et nam est molestias harum inventore. Est esse voluptatem ut.', 0, '2019-11-06 23:26:43', '2019-11-06 23:26:43'),
(73, 8, 'Manley Larson V', 'Porro dolor accusantium dolore. Perspiciatis eius rerum tempore ducimus tempore repudiandae quo. Quia beatae cumque exercitationem natus eveniet magni. Sunt ut voluptatem ut dolorem a quos modi.', 2, '2019-11-06 23:26:43', '2019-11-06 23:26:43'),
(74, 32, 'Miss Alayna Konopelski V', 'Quisquam alias totam aut quis. Nesciunt nesciunt impedit voluptas eum libero. Fuga veniam saepe expedita autem commodi. Eaque delectus ut sunt dolorem ipsum non impedit voluptates.', 3, '2019-11-06 23:26:43', '2019-11-06 23:26:43'),
(75, 22, 'Dr. Bailey Beahan', 'Quo eligendi quidem suscipit voluptatem sunt modi et. Mollitia sapiente cumque est distinctio rem quasi et. Et ex quas autem sed et.', 5, '2019-11-06 23:26:44', '2019-11-06 23:26:44'),
(76, 8, 'Aryanna Legros', 'Error natus optio et provident. Et est eos ad esse ad possimus. Fugiat quia hic totam quia.', 0, '2019-11-06 23:26:44', '2019-11-06 23:26:44'),
(77, 24, 'Hilma Kohler', 'Consequuntur dicta sed aut sunt natus. Nulla sit qui quos aliquam itaque et. Qui ipsa eos doloribus est unde iste enim omnis.', 5, '2019-11-06 23:26:44', '2019-11-06 23:26:44'),
(78, 15, 'Beverly Collins I', 'Nam quisquam repellendus qui eveniet rerum. Commodi inventore aut nemo aut veniam. Quasi non vel deleniti cum aliquam. Et soluta consectetur minima voluptate non.', 5, '2019-11-06 23:26:44', '2019-11-06 23:26:44'),
(79, 19, 'Prof. Juvenal Huels Jr.', 'Quod et quaerat labore itaque et. Ipsam quia harum est sapiente in totam autem nesciunt. Molestiae minima nobis rerum sed sunt.', 3, '2019-11-06 23:26:44', '2019-11-06 23:26:44'),
(80, 8, 'Jerrold Champlin V', 'Unde saepe facilis et quia in. Quaerat quia molestiae non consequuntur natus.', 1, '2019-11-06 23:26:44', '2019-11-06 23:26:44'),
(81, 49, 'Dr. Shakira Aufderhar Jr.', 'Non numquam magni aut odio ut. Labore rerum qui dolores delectus assumenda similique. Corrupti velit porro autem quibusdam. Molestias architecto laudantium ex. Ex et voluptatem rerum.', 4, '2019-11-06 23:26:44', '2019-11-06 23:26:44'),
(82, 47, 'Avery Tromp III', 'Dolores aut ut sunt. Dolor fugiat consequatur magnam voluptates tenetur autem ut.', 2, '2019-11-06 23:26:44', '2019-11-06 23:26:44'),
(83, 28, 'Nova Buckridge I', 'Perferendis magnam vero voluptatibus in commodi. Repudiandae aliquid reprehenderit velit voluptatem fugit ut. Accusantium et ipsam enim nisi illo dicta dolorem. Quia dignissimos porro aspernatur delectus commodi et.', 3, '2019-11-06 23:26:44', '2019-11-06 23:26:44'),
(84, 6, 'Prof. Jimmie Schowalter MD', 'Esse rem rerum similique ut et dicta. Accusamus laudantium in et animi accusamus eum perspiciatis. Dolorem quis dolorum temporibus. Sit sit tempore temporibus aut.', 3, '2019-11-06 23:26:44', '2019-11-06 23:26:44'),
(85, 15, 'Mr. German Hill', 'Qui ducimus iste ipsam eos accusantium quisquam. Voluptas pariatur sed voluptas placeat sed. Id aut pariatur libero repellendus.', 5, '2019-11-06 23:26:44', '2019-11-06 23:26:44'),
(86, 18, 'Reggie Gibson', 'Quaerat quia non quos et in. Mollitia occaecati aspernatur maxime aspernatur aliquam aut ut. Vitae eaque atque voluptatem. Quis earum non suscipit voluptatem accusamus eos sapiente.', 0, '2019-11-06 23:26:44', '2019-11-06 23:26:44'),
(87, 30, 'Joyce Gislason', 'Quia in aut deleniti alias impedit officiis dolor praesentium. Exercitationem molestiae quis amet.', 5, '2019-11-06 23:26:44', '2019-11-06 23:26:44'),
(88, 46, 'Winona Bauch', 'Eos alias sequi sapiente. Consequatur possimus ut et modi explicabo maiores et. Et voluptatem aliquid quos repudiandae. Odio voluptates incidunt nihil et nam voluptatem est.', 4, '2019-11-06 23:26:44', '2019-11-06 23:26:44'),
(89, 34, 'Chris Watsica', 'Explicabo cum nam eius ut similique. Et delectus molestias sit nisi et. Accusantium modi doloremque qui saepe occaecati quo.', 0, '2019-11-06 23:26:44', '2019-11-06 23:26:44'),
(90, 44, 'Ms. Antonina Connelly', 'Voluptas illo aliquam maxime. Eaque et aut animi qui quo.', 1, '2019-11-06 23:26:44', '2019-11-06 23:26:44'),
(91, 43, 'Mr. Paris West', 'Tempore non possimus illo sapiente est quod delectus. Illo quaerat ipsam voluptas ea ullam atque inventore. Ipsa accusantium quaerat quo laudantium dolor.', 3, '2019-11-06 23:26:44', '2019-11-06 23:26:44'),
(92, 31, 'Miss Tatyana Glover III', 'Velit quia debitis provident ea ut cumque reprehenderit et. Quia qui laudantium labore. Earum itaque voluptas pariatur. Deleniti qui et voluptates enim perspiciatis quas.', 4, '2019-11-06 23:26:44', '2019-11-06 23:26:44'),
(93, 24, 'Demario Klocko II', 'Autem qui maxime neque impedit natus molestiae. Aliquam suscipit nemo culpa vero ullam. Ipsum qui dicta quos cupiditate minima.', 3, '2019-11-06 23:26:44', '2019-11-06 23:26:44'),
(94, 44, 'Coralie Gibson', 'Voluptatem dolor eveniet aliquid iste deleniti ab. Nemo pariatur voluptas in modi. Sunt beatae officiis vero aut est autem.', 1, '2019-11-06 23:26:44', '2019-11-06 23:26:44'),
(95, 12, 'Kiel Moen', 'Eos aperiam non est blanditiis quidem magnam. Facilis quibusdam quidem eveniet magnam sed consectetur et qui. Aliquam aut deleniti hic dolore numquam voluptas. Corrupti dicta illo reprehenderit vel incidunt. Architecto itaque et accusamus labore eos velit voluptate in.', 5, '2019-11-06 23:26:44', '2019-11-06 23:26:44'),
(96, 28, 'Rebeca Yost', 'Minima nihil necessitatibus magni. Voluptatem consectetur voluptate hic vitae. Dolorum et et consectetur consequatur et praesentium. Id impedit quaerat omnis est quo saepe. Blanditiis debitis ipsum distinctio veritatis pariatur nemo autem.', 2, '2019-11-06 23:26:44', '2019-11-06 23:26:44'),
(97, 11, 'Adell Kuhic', 'Dolor ut sit enim aspernatur. Qui impedit voluptatibus corporis velit. Eveniet ratione doloremque maxime voluptas cum.', 2, '2019-11-06 23:26:44', '2019-11-06 23:26:44'),
(98, 33, 'Norwood Eichmann', 'Veritatis sint natus enim. Repudiandae delectus tempore rerum inventore. Velit id culpa dolor soluta fugit quasi. Illo non voluptatibus expedita soluta sequi.', 1, '2019-11-06 23:26:44', '2019-11-06 23:26:44'),
(99, 39, 'Bella Dibbert', 'Et cum similique numquam ullam sit eos beatae. Non temporibus cum non veniam qui molestias laborum. Iusto sunt debitis necessitatibus sequi expedita voluptas vel. Sit soluta est eos illo sit.', 5, '2019-11-06 23:26:44', '2019-11-06 23:26:44'),
(100, 35, 'Dr. Domingo Stamm IV', 'Consectetur sequi suscipit incidunt sint veritatis sit et. Odio sequi est sit nesciunt ex harum ea. Itaque enim dolorem aspernatur veniam.', 4, '2019-11-06 23:26:44', '2019-11-06 23:26:44'),
(101, 47, 'Braulio Lowe', 'Blanditiis repellat dolorem necessitatibus rem. Expedita est aperiam amet totam eos tempore. Dolor itaque deserunt magni assumenda in.', 4, '2019-11-06 23:26:44', '2019-11-06 23:26:44'),
(102, 12, 'Dr. Rafael Altenwerth', 'Quas perferendis illum similique quod mollitia dolorem sit. Quisquam repellendus fugit tempore rerum. Impedit sunt magnam suscipit praesentium corrupti expedita. Voluptates amet nihil et adipisci.', 5, '2019-11-06 23:26:44', '2019-11-06 23:26:44'),
(103, 33, 'Mrs. Shawna Ziemann', 'Omnis mollitia reiciendis ea asperiores magni. Sunt odit rerum excepturi delectus. Aut ratione iure commodi temporibus qui aut amet. Pariatur illum et ducimus id dolore pariatur dignissimos qui.', 0, '2019-11-06 23:26:44', '2019-11-06 23:26:44'),
(104, 36, 'Jamel Kunze Sr.', 'Vel sed dolor autem libero dignissimos vel. Maxime quis illum id dignissimos unde saepe. Voluptatum aspernatur unde id. Cum maxime beatae neque aut.', 1, '2019-11-06 23:26:44', '2019-11-06 23:26:44'),
(105, 19, 'Eino Stehr', 'Magnam aliquam dolores iste velit id ut. Ipsum cupiditate voluptatem ut. Illum accusantium reiciendis ducimus laborum accusantium repellat recusandae. Voluptatibus sunt et modi consequuntur iure.', 1, '2019-11-06 23:26:44', '2019-11-06 23:26:44'),
(106, 39, 'Myra Schmitt Jr.', 'Voluptatem eum libero sed. Et ducimus atque ut ea occaecati corrupti eligendi. Sint natus eaque voluptatibus quidem debitis vel non. Temporibus delectus et nobis incidunt incidunt. Facere facere magni maiores rem aut veritatis molestias.', 1, '2019-11-06 23:26:44', '2019-11-06 23:26:44'),
(107, 26, 'Easter Kilback', 'Nesciunt qui omnis ex. In odio velit voluptatem quis repellendus. Ipsam impedit sed eligendi perspiciatis eligendi sit dolor. Commodi quae cum eum delectus.', 5, '2019-11-06 23:26:44', '2019-11-06 23:26:44'),
(108, 26, 'Prof. Kyra Koepp Jr.', 'Est quis occaecati minus cum. Doloribus neque quia sapiente magnam excepturi quaerat. Similique assumenda blanditiis consequatur eaque expedita consectetur ut. Ut doloribus recusandae magnam.', 3, '2019-11-06 23:26:44', '2019-11-06 23:26:44'),
(109, 19, 'Geovany Haley', 'Possimus eveniet atque quae accusamus quibusdam ex. Esse repudiandae non facilis necessitatibus nam. Vel expedita inventore laudantium est perspiciatis. Et culpa id error est itaque cupiditate.', 4, '2019-11-06 23:26:44', '2019-11-06 23:26:44'),
(110, 26, 'Mrs. Fay Upton', 'Eos eos voluptate aut deleniti ut aut. Corrupti quia non mollitia assumenda omnis quaerat perspiciatis. Autem at voluptas repudiandae rerum natus. Reprehenderit omnis totam ut veniam et.', 1, '2019-11-06 23:26:44', '2019-11-06 23:26:44'),
(111, 18, 'Larry Roberts', 'Et exercitationem quis tempore veritatis cum et. Nam temporibus voluptatem doloribus reiciendis consectetur. Nostrum quisquam et et dolor distinctio vitae consequatur.', 1, '2019-11-06 23:26:44', '2019-11-06 23:26:44'),
(112, 45, 'Kara Gibson', 'Ex est ducimus sed blanditiis. Veniam culpa molestiae aut soluta dolor. Ex voluptatibus aspernatur atque voluptas quaerat.', 4, '2019-11-06 23:26:44', '2019-11-06 23:26:44'),
(113, 29, 'Addie Towne', 'Magni esse autem nesciunt dolorem voluptatem corrupti molestiae. Iste error saepe perferendis itaque. Ad aliquam corporis dolorem fugit. Commodi iusto quis suscipit tempore aut id.', 4, '2019-11-06 23:26:44', '2019-11-06 23:26:44'),
(114, 6, 'Dr. Gavin Predovic I', 'Ut ut magni aliquid unde nihil molestias aut. Magni voluptates corrupti nisi quos non fugit. Itaque in ullam unde reprehenderit. Provident vel beatae molestiae.', 3, '2019-11-06 23:26:45', '2019-11-06 23:26:45'),
(115, 33, 'Pasquale Heidenreich', 'Qui veniam distinctio aut distinctio nulla sint nihil. Officia ut et vitae porro enim. Sequi ipsum doloribus doloribus ea odit necessitatibus sequi. Voluptatibus vel assumenda laudantium necessitatibus fugit.', 4, '2019-11-06 23:26:45', '2019-11-06 23:26:45'),
(116, 7, 'Lillian Keeling', 'Quia omnis eaque accusantium quas aspernatur. Architecto ad aut fugiat iste dignissimos quia voluptas. Non necessitatibus hic dolorem ut necessitatibus consequuntur velit. Dolor dolore ea quidem.', 0, '2019-11-06 23:26:45', '2019-11-06 23:26:45'),
(117, 37, 'Flavie Anderson', 'Et eaque reprehenderit architecto repellendus eum. Ex incidunt omnis quo asperiores. Iusto beatae exercitationem molestiae qui neque velit. Aut qui sed eos culpa fuga maxime. Ea fugiat qui ad architecto minus.', 0, '2019-11-06 23:26:45', '2019-11-06 23:26:45'),
(118, 24, 'Karina Bins', 'Dolore recusandae labore in et ut est. Consectetur eius ut id occaecati. Sint et et ea inventore et quia quia sint. Qui et autem adipisci culpa veritatis iste.', 2, '2019-11-06 23:26:45', '2019-11-06 23:26:45'),
(119, 8, 'Corene Mosciski PhD', 'Eum ea ea molestiae. Aliquid voluptate dicta odio. Nobis mollitia fugit numquam magnam consequatur. Quis aut odit libero ipsa animi quia in labore.', 0, '2019-11-06 23:26:45', '2019-11-06 23:26:45'),
(120, 15, 'Gonzalo Bahringer', 'At optio repellat assumenda tenetur sunt sunt provident. Quod qui exercitationem ea sed repudiandae at. Ut recusandae voluptatem modi.', 2, '2019-11-06 23:26:45', '2019-11-06 23:26:45'),
(121, 14, 'Miss Dena Watsica', 'Aliquid earum enim et dignissimos eaque incidunt molestias. Illum rerum quia ea. Officia vel ratione culpa sed dolorem doloremque unde at.', 2, '2019-11-06 23:26:45', '2019-11-06 23:26:45'),
(122, 1, 'Mrs. Carmela Cronin', 'Sit vitae quae cupiditate ipsum dolorem sit odit atque. Vero perferendis quasi dolor doloremque error eos. Quae sit totam molestiae laboriosam pariatur. Nulla qui eveniet sint omnis reiciendis explicabo.', 5, '2019-11-06 23:26:45', '2019-11-06 23:26:45'),
(123, 34, 'Trisha Quitzon', 'Nihil occaecati impedit nemo omnis minima ipsa iste. Ut voluptatem repudiandae veritatis ut assumenda rerum occaecati.', 1, '2019-11-06 23:26:45', '2019-11-06 23:26:45'),
(124, 19, 'Kane Gerlach', 'Cum vero fugit ea ut sed ipsum placeat. Nihil cum omnis aperiam aut autem accusantium repellat. Necessitatibus saepe corporis quod ipsa eaque.', 3, '2019-11-06 23:26:45', '2019-11-06 23:26:45'),
(125, 23, 'Tre Zulauf', 'Quos aut animi quam odio modi. Laudantium qui et voluptatem qui doloribus quas odio ut. Eos veniam aperiam ex nesciunt. Eveniet id tenetur sint quasi.', 0, '2019-11-06 23:26:45', '2019-11-06 23:26:45'),
(126, 21, 'Thelma Bayer', 'Et voluptatem et enim labore eveniet delectus quia. Magnam dolorum ex consequuntur voluptatem molestiae. Minima modi enim aspernatur quia voluptatem facere asperiores. Quibusdam necessitatibus quibusdam labore est.', 1, '2019-11-06 23:26:45', '2019-11-06 23:26:45'),
(127, 2, 'Leopold Dicki', 'Molestiae ad ex expedita ullam rerum qui. Exercitationem voluptatum iusto corrupti debitis. Omnis non impedit assumenda cumque aut dolorem. Saepe occaecati consequatur et ex ullam non.', 3, '2019-11-06 23:26:45', '2019-11-06 23:26:45'),
(128, 47, 'Donna Hammes DVM', 'Magni quisquam in quo quo. Consequatur iusto nisi architecto qui sunt asperiores. Quia iste optio in quae nostrum est incidunt.', 5, '2019-11-06 23:26:45', '2019-11-06 23:26:45'),
(129, 35, 'Percy Leannon', 'Et omnis expedita deleniti necessitatibus. Et placeat doloremque quo. Totam et dolores placeat quia.', 2, '2019-11-06 23:26:45', '2019-11-06 23:26:45'),
(130, 45, 'Mikayla Homenick II', 'Assumenda ipsa vero eligendi facere repudiandae. Molestias quia minus et dolorem aut aut. Quisquam iure enim ut natus. Minus et occaecati repellendus totam dignissimos iste nam minus.', 5, '2019-11-06 23:26:45', '2019-11-06 23:26:45'),
(131, 16, 'Miss Kristin Hilpert III', 'Soluta dolores deserunt et adipisci ad quo ut. Temporibus sequi eum beatae suscipit qui quasi fugit qui. Quia quam ut quia cum. Numquam mollitia laborum et.', 0, '2019-11-06 23:26:45', '2019-11-06 23:26:45'),
(132, 44, 'Hertha Volkman V', 'Veritatis nesciunt quia distinctio a. Pariatur in distinctio voluptatum eaque magni nesciunt autem. Dolores alias sequi at aut.', 2, '2019-11-06 23:26:45', '2019-11-06 23:26:45'),
(133, 21, 'Mr. Neil Lang MD', 'Iure aut ut distinctio est est. Voluptates officiis deserunt rerum et quia impedit harum.', 3, '2019-11-06 23:26:45', '2019-11-06 23:26:45'),
(134, 40, 'Angeline Krajcik', 'Sunt est vitae vero. Rerum nemo modi eius labore ex minima omnis ipsa. Soluta amet repellat natus repudiandae libero. Eos qui earum excepturi ut.', 5, '2019-11-06 23:26:45', '2019-11-06 23:26:45'),
(135, 37, 'Miss Stephanie Schowalter DVM', 'Aut nemo omnis voluptate qui quas consectetur tempore earum. Doloremque vero qui consequatur velit.', 4, '2019-11-06 23:26:45', '2019-11-06 23:26:45'),
(136, 39, 'Florine Bernhard', 'Expedita repellendus nostrum magni dolorem ut. Architecto voluptas esse voluptatem dicta. Deleniti vel sunt similique quo. Adipisci repudiandae iusto dolores et.', 1, '2019-11-06 23:26:45', '2019-11-06 23:26:45'),
(137, 39, 'Adelbert Aufderhar', 'Incidunt voluptas labore cum assumenda. Sed aut quasi quaerat laboriosam. Dolor et quam facilis omnis.', 3, '2019-11-06 23:26:45', '2019-11-06 23:26:45'),
(138, 49, 'Dr. Jettie Nienow Jr.', 'Expedita laborum accusantium explicabo beatae alias. Ad odio occaecati voluptas aspernatur vel molestias. Quia aut dolorum voluptatem corrupti nihil. Voluptatem repellat et autem qui est qui.', 0, '2019-11-06 23:26:45', '2019-11-06 23:26:45'),
(139, 24, 'Alejandra Hudson', 'Voluptate sint quod earum. Libero sed incidunt cumque voluptas quibusdam. Nihil laudantium quas autem tempore distinctio aut. Et asperiores iste doloremque excepturi voluptas repellat minima possimus.', 5, '2019-11-06 23:26:45', '2019-11-06 23:26:45'),
(140, 15, 'Barry Walker II', 'Nihil ipsam in repudiandae facilis. Nam sequi adipisci molestiae pariatur voluptatibus et molestiae labore. Est ipsa natus adipisci et non earum. Libero aspernatur rem est qui molestias.', 3, '2019-11-06 23:26:45', '2019-11-06 23:26:45'),
(141, 17, 'Nora Bauch PhD', 'Accusamus sapiente perferendis reprehenderit rerum aut dicta nam nostrum. Nihil porro libero sint enim sint nihil. Enim molestiae excepturi accusantium aperiam deleniti magnam in.', 2, '2019-11-06 23:26:45', '2019-11-06 23:26:45'),
(142, 1, 'Colt Heidenreich', 'Voluptatibus rerum provident autem. Non maiores nobis omnis voluptates totam quo sint laborum. Nihil provident laudantium nihil officiis.', 4, '2019-11-06 23:26:45', '2019-11-06 23:26:45'),
(143, 44, 'Prof. Corene Mante MD', 'Qui repellendus optio iure doloribus eaque consequuntur. Unde repellat eos recusandae in enim molestias id. Blanditiis est aut nam eius vitae sed. Quia veniam ipsum dolore illo voluptates totam.', 1, '2019-11-06 23:26:45', '2019-11-06 23:26:45'),
(144, 3, 'Miss Lilian Bailey', 'Veniam quos libero illo sapiente ut earum. Quis praesentium quisquam quia quia reiciendis beatae occaecati. Amet atque mollitia assumenda quia sunt culpa. Eius laboriosam et ipsum molestiae illum.', 3, '2019-11-06 23:26:45', '2019-11-06 23:26:45'),
(145, 46, 'Merle Medhurst', 'Reprehenderit neque quod reprehenderit quos non atque. Consequatur quisquam aut quod voluptatum quo. Et autem modi voluptate.', 4, '2019-11-06 23:26:45', '2019-11-06 23:26:45'),
(146, 25, 'Wallace Pacocha', 'Ab molestiae enim harum excepturi. Iste ex in est repellat maiores distinctio. Ut officiis ipsam non culpa est velit maxime. Soluta tenetur nostrum vel fuga voluptas voluptatem qui veniam. Provident sapiente maxime expedita aut blanditiis facilis voluptatibus sit.', 3, '2019-11-06 23:26:45', '2019-11-06 23:26:45'),
(147, 18, 'Ellie King', 'Nostrum quaerat odit dolorem eveniet. Fugit asperiores iure ducimus sit quisquam eos porro. A est cupiditate distinctio voluptatem libero optio velit dolorem. Dolor mollitia officia unde sit. Saepe culpa dolor pariatur totam ipsa et facilis suscipit.', 2, '2019-11-06 23:26:45', '2019-11-06 23:26:45'),
(148, 2, 'Mr. Afton Effertz', 'Fugit reprehenderit eos blanditiis accusantium. Deserunt et eius sed aperiam voluptatum. Aliquid nihil asperiores dolorum accusantium iure voluptas quia nostrum. Totam ipsum ipsa temporibus explicabo.', 3, '2019-11-06 23:26:45', '2019-11-06 23:26:45'),
(149, 42, 'Karina King', 'Qui accusantium repellat ea ipsa fuga laborum molestias. Sint eius debitis et est aut eligendi.', 3, '2019-11-06 23:26:46', '2019-11-06 23:26:46'),
(150, 19, 'Albina Streich IV', 'Facere doloribus eligendi voluptate aut culpa aut. Beatae quasi ea at voluptatem fugiat dolorum sint veritatis.', 4, '2019-11-06 23:26:46', '2019-11-06 23:26:46'),
(151, 33, 'Ietezaz ul hassan', 'This is very pretty and Excellent Product', 3, '2019-11-07 06:13:47', '2019-11-07 06:13:47'),
(152, 33, 'Ietezaz ul hassan', 'This is very pretty and Excellent Product', 3, '2019-11-07 06:16:06', '2019-11-07 06:16:06'),
(153, 33, 'Ietezaz ul hassan', 'This is very pretty and Excellent Product', 3, '2019-11-07 06:17:07', '2019-11-07 06:17:07');

-- --------------------------------------------------------

--
-- Table structure for table `users`
--

CREATE TABLE `users` (
  `id` bigint(20) UNSIGNED NOT NULL,
  `name` varchar(191) COLLATE utf8mb4_unicode_ci NOT NULL,
  `email` varchar(191) COLLATE utf8mb4_unicode_ci NOT NULL,
  `email_verified_at` timestamp NULL DEFAULT NULL,
  `password` varchar(191) COLLATE utf8mb4_unicode_ci NOT NULL,
  `remember_token` varchar(100) COLLATE utf8mb4_unicode_ci DEFAULT NULL,
  `created_at` timestamp NULL DEFAULT NULL,
  `updated_at` timestamp NULL DEFAULT NULL
) ENGINE=InnoDB DEFAULT CHARSET=utf8mb4 COLLATE=utf8mb4_unicode_ci;

--
-- Dumping data for table `users`
--

INSERT INTO `users` (`id`, `name`, `email`, `email_verified_at`, `password`, `remember_token`, `created_at`, `updated_at`) VALUES
(1, 'Ietezaz ul Hassan', 'applekhankhattak@gmail.com', NULL, '$2y$10$tg1Z2MZW2fyBFHkY7cShwuErs9cxi91aKHAdf3HlRVcaJl9Dr4Gaq', NULL, '2019-11-06 23:23:55', '2019-11-06 23:23:55'),
(2, 'Muhammad Ishfaq', 'ishfaqkohatian123@gmail.com', NULL, '$2y$10$NSl1gM80GFDi0dXp2NXWhOjnJS4njV6NtfnuExHMhvtnIlrWumenO', NULL, '2019-11-06 23:24:10', '2019-11-06 23:24:10'),
(3, 'Rehan Khan', 'rehanmalik123@gmail.com', NULL, '$2y$10$PQBBHHjDyh4nkC7bn3bx8.xBxuC/nhskHr3dOAnkTUeYF0LkayuVy', NULL, '2019-11-06 23:25:23', '2019-11-06 23:25:23'),
(4, 'Apple Khan', 'ietezazulhassan786@gmail.com', NULL, '$2y$10$4Q96PFItGEGhCho6EBs.8.7RcGYUqjcWIkjpPXrDhXpPh0BVloKvu', NULL, '2019-11-06 23:25:40', '2019-11-06 23:25:40'),
(5, 'Awais', 'suparikiller382@gmail.com', NULL, '$2y$10$ZtRrZprX9fRd//Q44jThje3NsQOR3RbYhcKsOkS.KF7yGtSpa1lb2', NULL, '2019-11-06 23:26:05', '2019-11-06 23:26:05');

--
-- Indexes for dumped tables
--

--
-- Indexes for table `migrations`
--
ALTER TABLE `migrations`
  ADD PRIMARY KEY (`id`);

--
-- Indexes for table `oauth_access_tokens`
--
ALTER TABLE `oauth_access_tokens`
  ADD PRIMARY KEY (`id`),
  ADD KEY `oauth_access_tokens_user_id_index` (`user_id`);

--
-- Indexes for table `oauth_auth_codes`
--
ALTER TABLE `oauth_auth_codes`
  ADD PRIMARY KEY (`id`);

--
-- Indexes for table `oauth_clients`
--
ALTER TABLE `oauth_clients`
  ADD PRIMARY KEY (`id`),
  ADD KEY `oauth_clients_user_id_index` (`user_id`);

--
-- Indexes for table `oauth_personal_access_clients`
--
ALTER TABLE `oauth_personal_access_clients`
  ADD PRIMARY KEY (`id`),
  ADD KEY `oauth_personal_access_clients_client_id_index` (`client_id`);

--
-- Indexes for table `oauth_refresh_tokens`
--
ALTER TABLE `oauth_refresh_tokens`
  ADD PRIMARY KEY (`id`),
  ADD KEY `oauth_refresh_tokens_access_token_id_index` (`access_token_id`);

--
-- Indexes for table `password_resets`
--
ALTER TABLE `password_resets`
  ADD KEY `password_resets_email_index` (`email`);

--
-- Indexes for table `products`
--
ALTER TABLE `products`
  ADD PRIMARY KEY (`id`),
  ADD KEY `products_user_id_index` (`user_id`);

--
-- Indexes for table `reviews`
--
ALTER TABLE `reviews`
  ADD PRIMARY KEY (`id`);

--
-- Indexes for table `users`
--
ALTER TABLE `users`
  ADD PRIMARY KEY (`id`),
  ADD UNIQUE KEY `users_email_unique` (`email`);

--
-- AUTO_INCREMENT for dumped tables
--

--
-- AUTO_INCREMENT for table `migrations`
--
ALTER TABLE `migrations`
  MODIFY `id` int(10) UNSIGNED NOT NULL AUTO_INCREMENT, AUTO_INCREMENT=9;
--
-- AUTO_INCREMENT for table `oauth_clients`
--
ALTER TABLE `oauth_clients`
  MODIFY `id` int(10) UNSIGNED NOT NULL AUTO_INCREMENT, AUTO_INCREMENT=3;
--
-- AUTO_INCREMENT for table `oauth_personal_access_clients`
--
ALTER TABLE `oauth_personal_access_clients`
  MODIFY `id` int(10) UNSIGNED NOT NULL AUTO_INCREMENT, AUTO_INCREMENT=2;
--
-- AUTO_INCREMENT for table `products`
--
ALTER TABLE `products`
  MODIFY `id` bigint(20) UNSIGNED NOT NULL AUTO_INCREMENT, AUTO_INCREMENT=51;
--
-- AUTO_INCREMENT for table `reviews`
--
ALTER TABLE `reviews`
  MODIFY `id` bigint(20) UNSIGNED NOT NULL AUTO_INCREMENT, AUTO_INCREMENT=154;
--
-- AUTO_INCREMENT for table `users`
--
ALTER TABLE `users`
  MODIFY `id` bigint(20) UNSIGNED NOT NULL AUTO_INCREMENT, AUTO_INCREMENT=6;COMMIT;

/*!40101 SET CHARACTER_SET_CLIENT=@OLD_CHARACTER_SET_CLIENT */;
/*!40101 SET CHARACTER_SET_RESULTS=@OLD_CHARACTER_SET_RESULTS */;
/*!40101 SET COLLATION_CONNECTION=@OLD_COLLATION_CONNECTION */;
