-- phpMyAdmin SQL Dump
-- version 4.7.0
-- https://www.phpmyadmin.net/
--
-- Host: 127.0.0.1
-- Generation Time: Nov 03, 2019 at 04:32 AM
-- Server version: 10.1.25-MariaDB
-- PHP Version: 7.1.7

SET SQL_MODE = "NO_AUTO_VALUE_ON_ZERO";
SET AUTOCOMMIT = 0;
START TRANSACTION;
SET time_zone = "+00:00";


/*!40101 SET @OLD_CHARACTER_SET_CLIENT=@@CHARACTER_SET_CLIENT */;
/*!40101 SET @OLD_CHARACTER_SET_RESULTS=@@CHARACTER_SET_RESULTS */;
/*!40101 SET @OLD_COLLATION_CONNECTION=@@COLLATION_CONNECTION */;
/*!40101 SET NAMES utf8mb4 */;

--
-- Database: `laravel2`
--

-- --------------------------------------------------------

--
-- Table structure for table `migrations`
--

CREATE TABLE `migrations` (
  `id` int(10) UNSIGNED NOT NULL,
  `migration` varchar(191) COLLATE utf8mb4_unicode_ci NOT NULL,
  `batch` int(11) NOT NULL
) ENGINE=InnoDB DEFAULT CHARSET=utf8mb4 COLLATE=utf8mb4_unicode_ci;

--
-- Dumping data for table `migrations`
--

INSERT INTO `migrations` (`id`, `migration`, `batch`) VALUES
(1, '2014_10_12_000000_create_users_table', 1),
(2, '2014_10_12_100000_create_password_resets_table', 1),
(3, '2019_11_02_172918_create_products_table', 1);

-- --------------------------------------------------------

--
-- Table structure for table `password_resets`
--

CREATE TABLE `password_resets` (
  `email` varchar(191) COLLATE utf8mb4_unicode_ci NOT NULL,
  `token` varchar(191) COLLATE utf8mb4_unicode_ci NOT NULL,
  `created_at` timestamp NULL DEFAULT NULL
) ENGINE=InnoDB DEFAULT CHARSET=utf8mb4 COLLATE=utf8mb4_unicode_ci;

-- --------------------------------------------------------

--
-- Table structure for table `products`
--

CREATE TABLE `products` (
  `id` bigint(20) UNSIGNED NOT NULL,
  `name` varchar(191) COLLATE utf8mb4_unicode_ci NOT NULL,
  `detail` text COLLATE utf8mb4_unicode_ci NOT NULL,
  `price` int(11) NOT NULL,
  `stock` int(11) NOT NULL,
  `discount` int(11) NOT NULL,
  `created_at` timestamp NULL DEFAULT NULL,
  `updated_at` timestamp NULL DEFAULT NULL
) ENGINE=InnoDB DEFAULT CHARSET=utf8mb4 COLLATE=utf8mb4_unicode_ci;

--
-- Dumping data for table `products`
--

INSERT INTO `products` (`id`, `name`, `detail`, `price`, `stock`, `discount`, `created_at`, `updated_at`) VALUES
(1, 'quas', 'Magni nihil laudantium ipsam minima nihil qui harum. Iusto error dolores doloremque ut nihil. Quo dicta magni porro nemo.', 483, 9, 68, '2019-11-02 22:30:46', '2019-11-02 22:30:46'),
(2, 'autem', 'Error deserunt consectetur et ipsam. Ut quis similique blanditiis. Non omnis delectus quasi sed omnis et rerum.', 975, 7, 64, '2019-11-02 22:30:46', '2019-11-02 22:30:46'),
(3, 'enim', 'Animi deserunt et qui magnam. Iusto et nemo consequuntur dignissimos.', 351, 5, 64, '2019-11-02 22:30:46', '2019-11-02 22:30:46'),
(4, 'optio', 'Eos nulla dolores adipisci esse. Ut excepturi velit deserunt numquam sint. Excepturi dolorem non aliquam perferendis. Distinctio necessitatibus velit provident perspiciatis est.', 132, 2, 100, '2019-11-02 22:30:46', '2019-11-02 22:30:46'),
(5, 'earum', 'Accusamus impedit adipisci non consequuntur soluta sit ducimus. Sed totam incidunt voluptatem labore et aut quaerat ut. Excepturi nam quam nihil corrupti dolores.', 409, 3, 86, '2019-11-02 22:30:46', '2019-11-02 22:30:46'),
(6, 'quaerat', 'Et in vero consectetur. Qui quis iure et delectus qui. Atque maxime perferendis qui omnis facilis dolorem. Sed similique voluptatum dolorem quia quia repudiandae voluptatem.', 455, 3, 33, '2019-11-02 22:30:46', '2019-11-02 22:30:46'),
(7, 'consequatur', 'Voluptatem corrupti vel voluptatem et laudantium voluptatibus quia. Ab perferendis et doloremque fugiat rerum qui natus. Nesciunt laborum optio iure.', 199, 1, 89, '2019-11-02 22:30:46', '2019-11-02 22:30:46'),
(8, 'optio', 'Sed quae excepturi et quo quam. Incidunt dolorem fugit laudantium voluptas odit optio. Dolorem laudantium nobis soluta accusantium dicta beatae.', 756, 6, 31, '2019-11-02 22:30:46', '2019-11-02 22:30:46'),
(9, 'maxime', 'Natus consequuntur cum itaque quas nesciunt consequuntur id. Voluptatem velit hic consequuntur.', 871, 3, 83, '2019-11-02 22:30:46', '2019-11-02 22:30:46'),
(10, 'magni', 'Expedita molestiae quibusdam sunt nihil autem perferendis nihil. Assumenda commodi incidunt sed eum porro. Eos doloremque ut ut ut.', 450, 5, 89, '2019-11-02 22:30:46', '2019-11-02 22:30:46'),
(11, 'blanditiis', 'Molestiae optio vel a reiciendis. Debitis molestiae qui est quia quae illo accusamus voluptate. Ut animi et ut consectetur.', 749, 7, 42, '2019-11-02 22:30:46', '2019-11-02 22:30:46'),
(12, 'rerum', 'Molestias soluta libero odit est similique nesciunt. Distinctio ipsa eveniet quasi voluptate necessitatibus tenetur. Sapiente omnis nisi aspernatur. Tenetur eum voluptas mollitia ut fugit.', 312, 6, 22, '2019-11-02 22:30:46', '2019-11-02 22:30:46'),
(13, 'eligendi', 'Nam vero sit harum aut. Porro nisi harum perspiciatis magni consectetur perferendis quam minima. Tenetur aut voluptates accusamus nesciunt eos aspernatur velit.', 739, 7, 87, '2019-11-02 22:30:46', '2019-11-02 22:30:46'),
(14, 'beatae', 'Optio repellat nesciunt molestiae quibusdam sit. Rerum rerum vel deserunt ipsam. Fugiat dolor repellendus nisi vel.', 702, 9, 52, '2019-11-02 22:30:46', '2019-11-02 22:30:46'),
(15, 'tempora', 'Ut quaerat tempore neque. Eligendi laboriosam quibusdam ea assumenda non occaecati. Nihil ipsa ipsa quia corporis repellat. Et tempora impedit blanditiis.', 529, 9, 62, '2019-11-02 22:30:46', '2019-11-02 22:30:46'),
(16, 'facere', 'Alias rerum aut fuga recusandae mollitia repellat et. Vel commodi sit corrupti laudantium. Dolore nesciunt iste quos.', 662, 1, 64, '2019-11-02 22:30:47', '2019-11-02 22:30:47'),
(17, 'sunt', 'Est alias illo blanditiis nobis aut numquam corporis non. Sit corrupti aut sint natus. Incidunt dolor et qui aut. Cupiditate vel magnam sed nesciunt fuga quaerat alias.', 832, 9, 98, '2019-11-02 22:30:47', '2019-11-02 22:30:47'),
(18, 'aut', 'Aut qui voluptas nam laboriosam odit. Fugit id veritatis quis et sint quis. Incidunt est qui corporis in eius. Qui et et et iste et quaerat et.', 712, 5, 90, '2019-11-02 22:30:47', '2019-11-02 22:30:47'),
(19, 'vero', 'Blanditiis dolorum dolorum aspernatur alias. Animi et voluptatem quia. Ut ea id ut accusamus voluptatem corporis est.', 930, 0, 92, '2019-11-02 22:30:47', '2019-11-02 22:30:47'),
(20, 'rerum', 'Quis molestiae et nihil. Accusantium nulla officiis blanditiis sunt deleniti molestias.', 982, 2, 48, '2019-11-02 22:30:47', '2019-11-02 22:30:47'),
(21, 'fuga', 'Tempora consequatur omnis cupiditate id aut. Numquam quaerat itaque sed libero ea voluptas dolorem. Autem earum et odit ratione.', 538, 1, 51, '2019-11-02 22:30:47', '2019-11-02 22:30:47'),
(22, 'adipisci', 'Ipsum pariatur dicta veritatis. Enim inventore animi et. Expedita reiciendis ut dolorem quidem ea.', 291, 0, 60, '2019-11-02 22:30:47', '2019-11-02 22:30:47'),
(23, 'commodi', 'At repellat non consequatur iusto expedita maiores cupiditate. Inventore necessitatibus odio adipisci reprehenderit. Quis quia aliquid dolorem blanditiis et. Est necessitatibus fuga officia ullam excepturi quae.', 862, 1, 22, '2019-11-02 22:30:47', '2019-11-02 22:30:47'),
(24, 'quidem', 'Hic et qui quia qui unde aliquid. In asperiores ut laudantium doloremque. Recusandae illum inventore a dolorum. Expedita atque cupiditate omnis. Libero quo consectetur delectus ut nam atque tenetur consequatur.', 874, 6, 92, '2019-11-02 22:30:47', '2019-11-02 22:30:47'),
(25, 'qui', 'Non assumenda est eligendi laboriosam. Eos aut doloremque quas optio omnis et id. Est in iure amet autem dolores.', 237, 0, 99, '2019-11-02 22:30:47', '2019-11-02 22:30:47'),
(26, 'sed', 'Saepe et eveniet magnam voluptatibus. Voluptatem explicabo explicabo aliquam minus minima. Nihil iste ea asperiores ullam.', 686, 1, 57, '2019-11-02 22:30:47', '2019-11-02 22:30:47'),
(27, 'sint', 'Eos iste est quam est tempora. Non ullam et reiciendis error assumenda aut consequuntur. Deserunt illum est quia velit quia. Natus qui consequatur ullam quia sed perspiciatis ut. Dolores eveniet ut iste quia.', 446, 3, 48, '2019-11-02 22:30:47', '2019-11-02 22:30:47'),
(28, 'excepturi', 'Doloribus nam sequi sed. Consequatur quo eius delectus facere. Sint temporibus quo molestiae est explicabo delectus maxime. Sed cum aut ratione autem beatae tempore.', 855, 0, 59, '2019-11-02 22:30:47', '2019-11-02 22:30:47'),
(29, 'maxime', 'Sed quasi dolorem excepturi fugiat sed. Non est culpa ab minima unde consequatur. Minima eaque molestiae sit et. Rem voluptatem ut est aperiam reiciendis.', 821, 5, 64, '2019-11-02 22:30:47', '2019-11-02 22:30:47'),
(30, 'animi', 'Suscipit necessitatibus voluptatem facere et ducimus nesciunt. Dolorem veniam consequuntur placeat nesciunt. Nemo id quod beatae aliquam eveniet quia.', 800, 5, 67, '2019-11-02 22:30:47', '2019-11-02 22:30:47'),
(31, 'deserunt', 'Cum harum ad accusamus repellendus. Id sit voluptatibus nesciunt vitae assumenda. Sit sapiente id et ut rem a qui. Dignissimos odio est impedit nesciunt dolor. Quis nihil vel eos voluptatem.', 452, 6, 41, '2019-11-02 22:30:47', '2019-11-02 22:30:47'),
(32, 'dolorem', 'Nihil et accusantium dolorum necessitatibus sit. Ducimus suscipit et minima et eaque. Consequuntur enim excepturi expedita sunt voluptate. Ut voluptas quos dolores ad.', 435, 0, 60, '2019-11-02 22:30:47', '2019-11-02 22:30:47'),
(33, 'cupiditate', 'Tempora vel in vel est magni aut minima nostrum. Dolorum vero in saepe voluptas ut consequatur. Et dolor eos provident.', 968, 8, 16, '2019-11-02 22:30:47', '2019-11-02 22:30:47'),
(34, 'explicabo', 'Vero commodi soluta aperiam. Rerum eum doloribus qui iste vel quam harum.', 546, 4, 57, '2019-11-02 22:30:47', '2019-11-02 22:30:47'),
(35, 'aut', 'Eaque aliquam eveniet minima quos voluptatem sed. Est repellendus laborum ratione repellendus sed. Quia quis velit blanditiis porro ea aliquid.', 565, 8, 77, '2019-11-02 22:30:47', '2019-11-02 22:30:47'),
(36, 'autem', 'Quidem tempora et rem officia quas molestias quo. Qui sed rerum ipsa est in eos quasi nostrum. Nihil et soluta nulla beatae consequatur accusantium.', 628, 0, 76, '2019-11-02 22:30:47', '2019-11-02 22:30:47'),
(37, 'est', 'Voluptate dolor qui recusandae. Sunt et omnis quia dignissimos et nobis. Cumque consequatur iure autem inventore eos repellendus. Omnis quis illum fugiat et eius odio non et.', 917, 8, 49, '2019-11-02 22:30:47', '2019-11-02 22:30:47'),
(38, 'voluptate', 'Repellendus iure aut accusantium modi et sed. Illo voluptas tenetur optio veritatis aut explicabo. Qui sunt aut expedita magnam quos doloremque distinctio.', 133, 6, 81, '2019-11-02 22:30:47', '2019-11-02 22:30:47'),
(39, 'sunt', 'Sit distinctio et tempore debitis. Eos eos alias quia eaque. Consequuntur odit vitae et sit est rerum repellat.', 801, 1, 77, '2019-11-02 22:30:47', '2019-11-02 22:30:47'),
(40, 'quibusdam', 'Aut quasi neque sint quam. Optio temporibus et quidem sit.', 992, 3, 45, '2019-11-02 22:30:47', '2019-11-02 22:30:47'),
(41, 'in', 'Id voluptatibus a aliquam consectetur architecto unde et. Nisi magni sint aut veniam beatae qui. Rerum excepturi assumenda facere deleniti aliquam voluptates aut quae. Quibusdam et odit fugit molestias quidem ab dolore.', 940, 0, 37, '2019-11-02 22:30:47', '2019-11-02 22:30:47'),
(42, 'tempore', 'Est repudiandae laudantium quasi est error eaque incidunt. Earum veniam ut quo pariatur ex. Qui ea voluptas odit repellendus. Rerum et soluta cumque repellat nam sequi.', 401, 8, 54, '2019-11-02 22:30:47', '2019-11-02 22:30:47'),
(43, 'eum', 'Ut error temporibus quisquam occaecati cupiditate. Sint maxime culpa aut sint sequi. Animi earum dolores asperiores a. Consectetur consequatur vitae soluta dicta quod et ut.', 481, 5, 48, '2019-11-02 22:30:47', '2019-11-02 22:30:47'),
(44, 'est', 'Officiis cupiditate vel sed sit modi praesentium sapiente. Autem perspiciatis non eveniet. Ea consequatur qui possimus sit veritatis dolores voluptas.', 992, 7, 100, '2019-11-02 22:30:47', '2019-11-02 22:30:47'),
(45, 'corporis', 'Ut quia vel illo voluptas in ut maxime. Sequi recusandae est ut dicta. Tenetur quae vitae magnam incidunt eum autem.', 451, 1, 31, '2019-11-02 22:30:47', '2019-11-02 22:30:47'),
(46, 'sit', 'Non non quis sunt suscipit illo eum praesentium. Nam nisi consectetur sapiente molestias fugiat quo nemo consequatur. Voluptas minima dolorem iure eos consequatur quia. Ea molestiae quia dolorem cupiditate fugit.', 821, 6, 66, '2019-11-02 22:30:47', '2019-11-02 22:30:47'),
(47, 'dolorem', 'Fuga asperiores dolorem aut pariatur minus aperiam occaecati. Earum asperiores rerum cupiditate veritatis.', 415, 4, 92, '2019-11-02 22:30:47', '2019-11-02 22:30:47'),
(48, 'qui', 'Aut dolorem aperiam ea consequatur. Dolorum id est at deleniti reiciendis. Ipsam beatae molestiae quis est.', 502, 4, 19, '2019-11-02 22:30:47', '2019-11-02 22:30:47'),
(49, 'nisi', 'Ut culpa non dignissimos ducimus. Qui quam repudiandae sed iusto fuga enim. Sunt sit expedita earum voluptatem qui qui aut nisi.', 377, 7, 38, '2019-11-02 22:30:47', '2019-11-02 22:30:47'),
(50, 'aliquam', 'Voluptatum quas eligendi aliquam non nesciunt. Voluptatum consequatur maxime praesentium omnis est eum aut. Velit commodi ut temporibus facilis. Qui unde nobis consectetur.', 704, 4, 51, '2019-11-02 22:30:47', '2019-11-02 22:30:47');

-- --------------------------------------------------------

--
-- Table structure for table `reviews`
--

CREATE TABLE `reviews` (
  `id` bigint(20) UNSIGNED NOT NULL,
  `product_id` int(10) UNSIGNED NOT NULL,
  `customer` varchar(191) COLLATE utf8mb4_unicode_ci NOT NULL,
  `review` text COLLATE utf8mb4_unicode_ci NOT NULL,
  `star` int(11) NOT NULL,
  `created_at` timestamp NULL DEFAULT NULL,
  `updated_at` timestamp NULL DEFAULT NULL
) ENGINE=InnoDB DEFAULT CHARSET=utf8mb4 COLLATE=utf8mb4_unicode_ci;

--
-- Dumping data for table `reviews`
--

INSERT INTO `reviews` (`id`, `product_id`, `customer`, `review`, `star`, `created_at`, `updated_at`) VALUES
(1, 31, 'Lupe Gleason', 'Ut nostrum possimus doloribus perferendis qui soluta assumenda commodi. Error vel dolorem nihil. Voluptas iste distinctio illo veritatis nihil. Molestiae aut fuga vel autem. Natus repudiandae sit necessitatibus sint nobis quisquam.', 5, '2019-11-02 22:30:48', '2019-11-02 22:30:48'),
(2, 26, 'Earl Pacocha', 'Veniam porro sunt natus cupiditate modi. Consequatur quia est fugiat error doloremque aut dolorum autem. Et tempora magni voluptate provident quas saepe eum.', 4, '2019-11-02 22:30:48', '2019-11-02 22:30:48'),
(3, 2, 'Robyn Hermiston', 'Velit voluptatem ratione distinctio aperiam minus cumque. Impedit provident fugiat quo exercitationem quibusdam nihil corrupti. Vel nostrum nihil quasi ipsam perferendis.', 4, '2019-11-02 22:30:48', '2019-11-02 22:30:48'),
(4, 25, 'Vincenza Bednar', 'Cum est deleniti rem et inventore minima. Quo molestias ut ea rerum. Dolorem ut aliquid autem minima cum quibusdam ex. Earum ex quod in at ut qui fuga dolores. Voluptatum occaecati ut ipsum veritatis enim.', 2, '2019-11-02 22:30:48', '2019-11-02 22:30:48'),
(5, 36, 'Casper Hudson DVM', 'Qui nesciunt voluptas reiciendis in nostrum voluptates quia. Sed et tenetur consectetur labore suscipit et doloribus. Doloribus provident qui sed. Perferendis necessitatibus omnis aut corrupti voluptas. Sed nihil totam sint voluptatem itaque blanditiis consequatur.', 4, '2019-11-02 22:30:48', '2019-11-02 22:30:48'),
(6, 48, 'Prof. Allen Weimann', 'Aut quaerat aliquam voluptatum est et velit. Et eum doloremque in odio. Enim dolores consequatur suscipit dicta rerum sit non. Ea maiores explicabo nihil ipsam aut.', 4, '2019-11-02 22:30:48', '2019-11-02 22:30:48'),
(7, 45, 'Loyal Douglas', 'Velit perferendis aut omnis a sint omnis earum animi. Aliquam corrupti incidunt eligendi id nisi. Maxime cum quo recusandae enim qui nulla consequuntur.', 3, '2019-11-02 22:30:48', '2019-11-02 22:30:48'),
(8, 5, 'Lucile O\'Kon', 'In repudiandae nesciunt eos ea. Odit aut aut explicabo beatae molestiae ut est. Magni perspiciatis dolorum et maxime qui reiciendis voluptatum. A ipsum aspernatur sapiente laboriosam debitis ut neque ea. Ipsa ipsam qui maxime cum.', 5, '2019-11-02 22:30:48', '2019-11-02 22:30:48'),
(9, 30, 'Lilian Harber', 'Sit impedit provident ducimus praesentium rerum corporis cupiditate. Dicta debitis vero est. A aut mollitia vel consequatur in.', 5, '2019-11-02 22:30:48', '2019-11-02 22:30:48'),
(10, 45, 'Therese Doyle', 'Officiis unde non voluptatem minima non voluptas blanditiis. Ut distinctio maiores suscipit et ducimus rerum quaerat ipsa. Facere dolores voluptas iure inventore enim voluptas. Voluptatem beatae culpa deleniti aut dolor delectus ut.', 1, '2019-11-02 22:30:48', '2019-11-02 22:30:48'),
(11, 18, 'Bernardo Wiegand', 'Dolor aut aliquam dolore in. Necessitatibus nisi natus et. Et esse ratione eum quos aut. Similique pariatur reprehenderit qui.', 5, '2019-11-02 22:30:48', '2019-11-02 22:30:48'),
(12, 23, 'Blaise Fay', 'Corporis officia non iste est est facilis rerum. Accusamus reprehenderit natus sed itaque enim libero qui. Harum quia sequi ut optio quia dolorem. Rerum enim non molestiae quaerat esse et.', 1, '2019-11-02 22:30:48', '2019-11-02 22:30:48'),
(13, 46, 'Fannie Bernier', 'Illum porro illum ut vel cum. Harum non qui aut eius. Nemo tenetur labore quos eos eos aliquam saepe praesentium.', 0, '2019-11-02 22:30:48', '2019-11-02 22:30:48'),
(14, 37, 'Prof. Gino Rempel', 'Iure ea illum iusto fuga. Aliquam suscipit quos enim ullam. Asperiores quidem tenetur quis voluptate quia accusantium. Et deleniti voluptatem eos sapiente ipsum.', 3, '2019-11-02 22:30:48', '2019-11-02 22:30:48'),
(15, 16, 'Trinity Mante', 'Unde qui at sint vel eligendi consequatur sit. Nulla fuga in sed provident sed rem. Ut quisquam ut minima rerum atque vel eum aut. Repellendus deleniti facere est sit aperiam harum dolores est. Sed saepe quod autem aperiam consectetur.', 4, '2019-11-02 22:30:48', '2019-11-02 22:30:48'),
(16, 41, 'Mia Rolfson', 'Et ut maiores et debitis odio amet eos. Ad molestias tempora magni est quia et. Enim dolores ab qui fuga.', 0, '2019-11-02 22:30:48', '2019-11-02 22:30:48'),
(17, 43, 'Hardy Connelly', 'Vero ratione corporis non nostrum consequatur voluptates. Animi itaque aut quia beatae eius tempore.', 3, '2019-11-02 22:30:48', '2019-11-02 22:30:48'),
(18, 10, 'Alexanne Schmitt', 'Laudantium quidem voluptatem non. Nemo in dolor ex velit. Dolorum nemo odit rerum qui dolor asperiores.', 3, '2019-11-02 22:30:48', '2019-11-02 22:30:48'),
(19, 8, 'Elda Hudson', 'Laboriosam iure molestiae corrupti porro totam. Sunt et ut inventore nesciunt placeat voluptas corrupti. Itaque saepe esse dolorum recusandae cumque quia.', 5, '2019-11-02 22:30:48', '2019-11-02 22:30:48'),
(20, 31, 'Mr. Norbert Gulgowski III', 'Fugiat et eos rem vitae iusto aliquam doloribus sequi. Sit ex corrupti vel dolores id. Aut consequatur et voluptas rerum earum ipsum.', 5, '2019-11-02 22:30:48', '2019-11-02 22:30:48'),
(21, 12, 'Chadd Harvey PhD', 'Neque cupiditate dolorem porro non doloribus. Adipisci consequatur officiis sit reiciendis praesentium minima eligendi. Eveniet et architecto repellendus hic. Voluptates ea officia voluptas aut enim itaque.', 4, '2019-11-02 22:30:48', '2019-11-02 22:30:48'),
(22, 19, 'Dakota Walter', 'At consectetur consequatur nostrum molestias ex aut. Eum consequuntur tempore voluptatem fuga consequuntur temporibus reiciendis. Pariatur eos repellendus vero. Minus accusantium explicabo et impedit.', 3, '2019-11-02 22:30:48', '2019-11-02 22:30:48'),
(23, 44, 'Candice Upton', 'Eaque itaque earum dolores molestiae quo sit. Hic eum voluptatem ad aspernatur. Repellendus dicta non possimus sit non aspernatur similique beatae. Voluptatem ad vel tempore veniam est.', 0, '2019-11-02 22:30:48', '2019-11-02 22:30:48'),
(24, 37, 'Dr. Micaela Bergstrom III', 'Sequi ut iusto eos earum. Quae nemo repudiandae vel ullam quasi dicta asperiores. Odio vero assumenda omnis nemo dolorem molestiae cum. Non provident commodi qui voluptas omnis qui.', 0, '2019-11-02 22:30:48', '2019-11-02 22:30:48'),
(25, 1, 'Norwood Collier', 'Sint sunt voluptates reiciendis illum facere necessitatibus. Eligendi soluta qui sint. Ratione neque aperiam officiis consequatur totam suscipit sunt.', 5, '2019-11-02 22:30:48', '2019-11-02 22:30:48'),
(26, 22, 'Prof. Josiah Blick', 'Harum aliquid vel molestiae quam id at. Iusto commodi delectus voluptas accusamus ab beatae eum. Modi officiis id voluptas expedita quasi voluptatem reprehenderit ut. Ullam omnis quam ipsa quaerat.', 2, '2019-11-02 22:30:48', '2019-11-02 22:30:48'),
(27, 3, 'Caleigh Larson', 'Magnam modi quas dolorem et deserunt quos blanditiis. Vitae blanditiis molestiae dolorem id. Eaque facilis modi est totam. Et rerum eius nisi incidunt dolorum ut non.', 1, '2019-11-02 22:30:48', '2019-11-02 22:30:48'),
(28, 32, 'Quinten Cruickshank', 'Et deserunt odio fuga expedita accusantium ex vel ut. Consectetur itaque magnam aut labore. Debitis dolor iure alias quis quasi.', 3, '2019-11-02 22:30:48', '2019-11-02 22:30:48'),
(29, 28, 'Briana Durgan', 'Dolorem non ratione vel fugiat. A enim facilis voluptas quod nesciunt dignissimos. Facilis culpa quo sapiente eius excepturi. Praesentium culpa et ipsa minus suscipit.', 2, '2019-11-02 22:30:48', '2019-11-02 22:30:48'),
(30, 35, 'Antone Hill Sr.', 'Deleniti qui cumque quo. Nobis a repellendus molestiae sunt saepe est minima. Neque sed quam eligendi laboriosam.', 5, '2019-11-02 22:30:48', '2019-11-02 22:30:48'),
(31, 36, 'Dr. Perry Smitham', 'Et impedit in enim perspiciatis molestiae. Saepe exercitationem dicta aliquid error ea at. Enim aperiam ea mollitia ab aliquam eos corporis.', 2, '2019-11-02 22:30:48', '2019-11-02 22:30:48'),
(32, 11, 'Dr. Jayme Davis II', 'Nisi libero qui quia ut ut blanditiis velit. Impedit rerum pariatur in labore non molestiae voluptas. Et occaecati labore odio nisi.', 1, '2019-11-02 22:30:48', '2019-11-02 22:30:48'),
(33, 48, 'Bertrand Schuppe', 'Sit sed excepturi minima fugiat. Laudantium commodi aut et ipsa dolor sed ea. Impedit et cupiditate et quis expedita in veniam. Totam itaque ea est.', 4, '2019-11-02 22:30:48', '2019-11-02 22:30:48'),
(34, 4, 'Betsy Mitchell', 'Nobis modi qui eligendi deserunt. Omnis praesentium iure voluptas et magni adipisci quaerat accusantium.', 3, '2019-11-02 22:30:48', '2019-11-02 22:30:48'),
(35, 20, 'Dejon Bradtke', 'Et aspernatur voluptatem praesentium. Quidem sunt velit iste vel ut nihil.', 2, '2019-11-02 22:30:48', '2019-11-02 22:30:48'),
(36, 40, 'Gaetano Ruecker', 'Odio tempora amet amet autem optio ut veniam. Similique consequatur deserunt eligendi fuga omnis. Ducimus illum voluptates quia. Quia consectetur excepturi rerum. Tenetur provident et qui dolorem.', 2, '2019-11-02 22:30:49', '2019-11-02 22:30:49'),
(37, 16, 'Kassandra Kuphal', 'Quibusdam sequi saepe molestias nihil. Qui quia impedit aspernatur porro est earum. Ex omnis expedita iste rerum voluptatem.', 1, '2019-11-02 22:30:49', '2019-11-02 22:30:49'),
(38, 35, 'Linnie Rolfson', 'Incidunt magnam delectus repellat. Voluptatem at deleniti consequatur facere. Neque voluptatibus nemo eum eum voluptates. Ea perspiciatis odio beatae.', 0, '2019-11-02 22:30:49', '2019-11-02 22:30:49'),
(39, 45, 'Miss Bryana Welch I', 'Porro ipsum neque aut. Assumenda vel ut laudantium. Sint ipsa quos recusandae ea molestiae ullam sed. Quidem laborum placeat nulla odit. Nobis qui qui quia possimus.', 3, '2019-11-02 22:30:49', '2019-11-02 22:30:49'),
(40, 14, 'Dewitt Koch', 'Rerum quia id nostrum aliquam. Voluptatem aliquid et debitis non autem. Aliquid quo qui voluptatibus enim sunt.', 3, '2019-11-02 22:30:49', '2019-11-02 22:30:49'),
(41, 20, 'Taylor Koss', 'Perferendis mollitia alias aliquam. Aspernatur quaerat veniam et nisi non. Dolorem voluptatem fuga reprehenderit earum vel et illum.', 2, '2019-11-02 22:30:49', '2019-11-02 22:30:49'),
(42, 36, 'Easton Reichel I', 'Et fugiat earum voluptatibus modi. Tenetur alias consequatur ut.', 3, '2019-11-02 22:30:49', '2019-11-02 22:30:49'),
(43, 13, 'Jayden Beier', 'Dignissimos non enim labore tempora expedita voluptatem. Velit occaecati quos nulla non qui sit sed. Esse minus incidunt laudantium non tempora rerum dolor est.', 0, '2019-11-02 22:30:49', '2019-11-02 22:30:49'),
(44, 39, 'Stevie Hartmann', 'Natus et dolorum dolore. Ut asperiores non placeat illo recusandae nostrum. Dolor rerum expedita doloremque repellat dignissimos. Praesentium aut doloremque sint voluptatibus corrupti.', 5, '2019-11-02 22:30:49', '2019-11-02 22:30:49'),
(45, 35, 'Dr. Ebba O\'Conner', 'Officiis nostrum esse aut nesciunt sunt quasi et similique. Qui explicabo nobis dolores eos molestias quia deserunt. Dolore ducimus enim blanditiis molestias voluptates est.', 3, '2019-11-02 22:30:49', '2019-11-02 22:30:49'),
(46, 40, 'Demetrius Mante', 'Saepe doloribus qui consequatur. Vel voluptatum ipsum placeat maiores. Repellendus est doloribus eveniet illum. Rerum fuga sed enim ut vel accusamus et.', 3, '2019-11-02 22:30:49', '2019-11-02 22:30:49'),
(47, 17, 'Prof. Demario Shanahan PhD', 'Rerum officiis quidem quis minus molestias necessitatibus nesciunt. Aliquid eos atque dolor autem. Omnis cum sed minima tempora provident consequatur vitae.', 2, '2019-11-02 22:30:49', '2019-11-02 22:30:49'),
(48, 43, 'Lesly Collins', 'Dolorem labore possimus sint saepe consectetur. Ut animi vitae nobis minus ut voluptates nihil. Est a architecto iste ad ut et. Est suscipit voluptatem sint eum commodi praesentium. Cupiditate ut minima assumenda ut fuga est ipsum.', 4, '2019-11-02 22:30:49', '2019-11-02 22:30:49'),
(49, 35, 'Creola Schowalter', 'Quibusdam nulla hic quidem. Reiciendis quia numquam velit non. Numquam architecto quasi iste ducimus consequatur doloremque ratione.', 1, '2019-11-02 22:30:49', '2019-11-02 22:30:49'),
(50, 31, 'Alayna Walter DVM', 'Reiciendis pariatur aut ab nihil dolorem est nihil. Vel culpa est id quia quidem quia ipsum. Illum hic vel necessitatibus excepturi corrupti voluptas.', 3, '2019-11-02 22:30:49', '2019-11-02 22:30:49'),
(51, 21, 'Miss Mable Kirlin DVM', 'Nesciunt deserunt inventore necessitatibus asperiores. Itaque at et ut consequatur. Laborum in perferendis sequi et non nihil officiis temporibus. Repellat asperiores error architecto dicta ut culpa.', 4, '2019-11-02 22:30:49', '2019-11-02 22:30:49'),
(52, 11, 'Mrs. Laisha Howe', 'Iste consequatur voluptatem porro deleniti recusandae ut. Voluptates non quasi porro dolores est autem et debitis. Autem cum eaque impedit natus. Dolores doloribus nobis quo id rem corrupti.', 0, '2019-11-02 22:30:49', '2019-11-02 22:30:49'),
(53, 17, 'Lenora Corwin', 'Quod minima quibusdam quae accusamus vel adipisci. Omnis fugiat doloribus quia tenetur ea. Consequatur aut perspiciatis quia veritatis.', 4, '2019-11-02 22:30:49', '2019-11-02 22:30:49'),
(54, 18, 'Alexander Eichmann DVM', 'Autem totam rerum voluptatem vel minus. Corrupti dolor id quas ut. Iusto aperiam velit voluptatem et mollitia. Veritatis aperiam nulla nisi nisi cum.', 4, '2019-11-02 22:30:49', '2019-11-02 22:30:49'),
(55, 32, 'Baby Cassin', 'Tempora distinctio cum exercitationem asperiores. Saepe deleniti iste in. Ipsam adipisci ut qui et assumenda illo accusantium totam.', 3, '2019-11-02 22:30:49', '2019-11-02 22:30:49'),
(56, 2, 'Hilda Runte', 'Voluptatibus sunt sed praesentium quo. Qui incidunt perspiciatis voluptatibus et occaecati labore. Et voluptatem sit dolorum aut nam. Voluptatem cum ut possimus id eos reprehenderit tenetur.', 2, '2019-11-02 22:30:49', '2019-11-02 22:30:49'),
(57, 37, 'Cooper Barrows', 'Quia dolor in at ex iure fugit dolor. Quia alias non maxime dolor facilis in. Et aliquid quam error numquam dignissimos.', 3, '2019-11-02 22:30:49', '2019-11-02 22:30:49'),
(58, 44, 'Sidney Weissnat MD', 'Ut maiores voluptatem nostrum minima sequi doloremque quos. Et et corrupti voluptatem quidem minus. Consequatur cum laudantium vel ad placeat veritatis. Voluptatibus tenetur dolorem qui reprehenderit.', 2, '2019-11-02 22:30:49', '2019-11-02 22:30:49'),
(59, 7, 'Dejuan Kohler', 'Ea nemo qui facere sunt. Nisi dolorum eius id alias et veritatis autem. Reiciendis et aut eligendi autem quasi. Dolores quos maxime cum vel eligendi at.', 4, '2019-11-02 22:30:49', '2019-11-02 22:30:49'),
(60, 3, 'Dorothy Bergstrom', 'Alias voluptas molestias quaerat et repudiandae. Voluptas molestiae similique molestias voluptates explicabo ipsam est aut. Amet voluptatem quae et rem deserunt pariatur.', 2, '2019-11-02 22:30:49', '2019-11-02 22:30:49'),
(61, 5, 'Marilie Bradtke', 'Necessitatibus qui et sequi eligendi exercitationem. Ab ducimus nulla aliquam quia rerum. Blanditiis blanditiis quod facere beatae amet maxime. Eos cum facere magni.', 4, '2019-11-02 22:30:49', '2019-11-02 22:30:49'),
(62, 26, 'Mr. Jefferey Wehner', 'Cum inventore delectus dignissimos quasi error. Eaque ut quisquam quia suscipit et tempore quidem. Nisi quo maiores temporibus minus nobis cum.', 2, '2019-11-02 22:30:49', '2019-11-02 22:30:49'),
(63, 6, 'Gail Kihn', 'Numquam quia aut ut qui. Similique quam eum et enim. Dolore dolor sint et amet unde nemo. Fugiat cumque eum voluptas quia.', 2, '2019-11-02 22:30:49', '2019-11-02 22:30:49'),
(64, 15, 'Travon Klein Sr.', 'Nihil praesentium tempora consectetur ipsam exercitationem omnis. Quia sed voluptatem aut quam tempora.', 3, '2019-11-02 22:30:49', '2019-11-02 22:30:49'),
(65, 44, 'Miss Rosamond Grady', 'Sunt quia aspernatur sunt est autem molestias. Perspiciatis atque optio aut non nemo. Sit officiis in ab incidunt.', 0, '2019-11-02 22:30:49', '2019-11-02 22:30:49'),
(66, 12, 'Vinnie Hermiston', 'Sunt molestias reiciendis commodi enim et quis velit nemo. Voluptates rem non amet in quaerat sunt. Assumenda aut reprehenderit officiis impedit ullam. Placeat voluptas cumque dolorum qui excepturi nihil nisi. Omnis nihil enim quo quia optio.', 0, '2019-11-02 22:30:49', '2019-11-02 22:30:49'),
(67, 15, 'Albertha Rodriguez PhD', 'Et nemo quisquam voluptate autem reprehenderit blanditiis. Occaecati placeat distinctio maiores.', 5, '2019-11-02 22:30:49', '2019-11-02 22:30:49'),
(68, 9, 'Mrs. Destiny Nader', 'Ratione consequuntur possimus autem occaecati. Sapiente provident deserunt at. Molestias nobis quo qui autem vel impedit corporis. Iusto qui quo suscipit id dolorum.', 2, '2019-11-02 22:30:49', '2019-11-02 22:30:49'),
(69, 36, 'Mr. Al Hammes', 'Esse ex temporibus doloremque facilis rerum possimus. Ipsum est nihil odio vel quas. Earum ut corrupti aperiam enim occaecati. Rerum aspernatur est amet autem odit voluptates.', 0, '2019-11-02 22:30:49', '2019-11-02 22:30:49'),
(70, 40, 'Julien Abernathy DVM', 'Animi excepturi ipsa magni aliquam quia non quam. Illum itaque dolorum perspiciatis inventore hic non. Est accusamus reprehenderit sed. Incidunt placeat aut inventore facilis animi.', 3, '2019-11-02 22:30:49', '2019-11-02 22:30:49'),
(71, 15, 'Harry Gaylord', 'Distinctio rerum fugit sequi nostrum sint veniam eius. Tempora porro minus neque natus. Velit dolores temporibus fugit et harum quisquam. Ipsa quo architecto voluptas error pariatur ea ut omnis.', 4, '2019-11-02 22:30:49', '2019-11-02 22:30:49'),
(72, 29, 'Shaina O\'Reilly', 'Enim maiores sed esse aspernatur ut tempora. Non rerum rem voluptates vel autem dolorem. Nesciunt natus dolorem et praesentium molestiae rem modi odio. Dolorem impedit voluptate quo placeat velit quis est.', 0, '2019-11-02 22:30:49', '2019-11-02 22:30:49'),
(73, 17, 'Deron Goldner', 'Eos consequatur architecto itaque atque explicabo saepe repudiandae praesentium. Cum laborum praesentium neque neque cupiditate itaque quia eos. Labore aliquid ab ad quos eaque cum. Qui in veritatis iusto quasi sequi.', 5, '2019-11-02 22:30:50', '2019-11-02 22:30:50'),
(74, 18, 'Mrs. Josie Bins III', 'Laboriosam consequuntur ad occaecati ea ad autem cum. Molestiae ab vero debitis incidunt non impedit. Impedit nostrum architecto assumenda sit qui quis est. Modi eveniet voluptatem sed aut odit cupiditate quia.', 2, '2019-11-02 22:30:50', '2019-11-02 22:30:50'),
(75, 7, 'Ms. Ruth Conn', 'Sed eius distinctio asperiores consequatur ut dignissimos eum. Minima et officia consequatur ut. Est laudantium corporis quia ipsa in dolor unde.', 5, '2019-11-02 22:30:50', '2019-11-02 22:30:50'),
(76, 13, 'Dr. Frances Grant PhD', 'Voluptatum quas et laborum sapiente. Quidem asperiores quis consequatur excepturi nemo cum. A dolores fugiat ut sit velit sed sequi.', 5, '2019-11-02 22:30:50', '2019-11-02 22:30:50'),
(77, 28, 'Noel Ward', 'Magnam eum ut labore facere officia nihil. Error inventore cumque voluptates ab dignissimos. At mollitia accusantium ducimus id quod et qui minima. Et ea ducimus aliquam id est. Sint atque voluptatem magnam repellat.', 5, '2019-11-02 22:30:50', '2019-11-02 22:30:50'),
(78, 46, 'Joey Watsica', 'Vero sed necessitatibus voluptas. Vel aut sed expedita doloribus vitae non. Quisquam non eligendi nostrum et non.', 4, '2019-11-02 22:30:50', '2019-11-02 22:30:50'),
(79, 4, 'Dr. Mia Lubowitz Sr.', 'Aut eligendi id est quia accusantium qui sed. Sequi nostrum ut vel consequatur iusto in enim. Facilis earum velit delectus fugiat.', 2, '2019-11-02 22:30:50', '2019-11-02 22:30:50'),
(80, 25, 'Amber Stanton Sr.', 'Aut cumque libero aut cum fugit et dolor consequatur. Voluptatem eaque quia id sed incidunt libero. Alias non laudantium occaecati illum molestiae enim quia. Enim consectetur et aspernatur.', 0, '2019-11-02 22:30:50', '2019-11-02 22:30:50'),
(81, 25, 'Dr. Sigurd Tillman', 'Et cupiditate assumenda a minima. Molestias perspiciatis modi aliquid est reprehenderit. Aliquam hic magnam ex omnis in eos voluptatum quia.', 4, '2019-11-02 22:30:50', '2019-11-02 22:30:50'),
(82, 46, 'Prof. Dimitri Eichmann DVM', 'Eos eum perferendis debitis non. Quia omnis officiis provident odio omnis sunt. Et reprehenderit qui quis officia architecto excepturi.', 2, '2019-11-02 22:30:50', '2019-11-02 22:30:50'),
(83, 48, 'Dr. Clifton Abshire', 'Aut nam quam provident ea non et iusto. Ut pariatur nam ratione ea quibusdam et dolores. Corrupti nihil soluta fugiat ut animi laborum commodi. Unde voluptatem velit nesciunt soluta fugiat.', 5, '2019-11-02 22:30:50', '2019-11-02 22:30:50'),
(84, 41, 'Colten Bosco', 'Voluptatibus maxime ex voluptas et sed. Aliquid enim eos ut nemo nihil.', 1, '2019-11-02 22:30:50', '2019-11-02 22:30:50'),
(85, 23, 'Alec Kohler MD', 'Qui quo voluptas accusantium minima dolores non et qui. Rem eos ut facilis est. Eaque occaecati facere reprehenderit iure. Placeat ea ea voluptas explicabo. Nobis itaque pariatur id ratione odio.', 0, '2019-11-02 22:30:50', '2019-11-02 22:30:50'),
(86, 39, 'Carmel Swift', 'Quo dolor nam voluptatibus laudantium aut quae quaerat. Fugit modi ratione et et cum. Vel voluptas consequatur sit corporis ipsa.', 3, '2019-11-02 22:30:50', '2019-11-02 22:30:50'),
(87, 15, 'Juston Bode', 'Assumenda nam fugiat accusamus corporis ut necessitatibus nihil. Aut voluptatem vitae quos aut commodi atque quia. Aut labore ea aut et. Officia doloremque aut at earum sapiente illum aperiam dignissimos.', 2, '2019-11-02 22:30:50', '2019-11-02 22:30:50'),
(88, 19, 'Cary Toy', 'Ipsa dolore voluptatem neque tenetur vel id et. Nesciunt ab saepe voluptas sed ut.', 3, '2019-11-02 22:30:50', '2019-11-02 22:30:50'),
(89, 36, 'Prof. Enos Kerluke', 'Odit cum pariatur in est. Esse aliquid aut ea consequatur omnis atque doloremque. Corporis quae molestiae doloribus autem.', 4, '2019-11-02 22:30:50', '2019-11-02 22:30:50'),
(90, 8, 'Noemi Hickle', 'Et et quisquam culpa. Officia culpa quas mollitia veniam reiciendis voluptatum sed voluptatem.', 3, '2019-11-02 22:30:50', '2019-11-02 22:30:50'),
(91, 38, 'Anais Simonis III', 'Et omnis reprehenderit eum recusandae. Assumenda sed sed dolorem explicabo exercitationem quam culpa. Odit molestiae officia dolores ut.', 5, '2019-11-02 22:30:50', '2019-11-02 22:30:50'),
(92, 50, 'Arjun Hackett', 'Sapiente iusto molestiae quia quo. Quia reiciendis recusandae rem repudiandae inventore minus omnis. A consequatur quia maxime laborum voluptatem accusantium. Tempora repudiandae illo eaque dolorem nesciunt sint.', 1, '2019-11-02 22:30:50', '2019-11-02 22:30:50'),
(93, 17, 'Derrick Wuckert Sr.', 'Qui voluptas possimus nisi sapiente et et. Possimus qui et ut consequatur molestias. Recusandae non similique vitae quasi dolor autem corporis.', 1, '2019-11-02 22:30:50', '2019-11-02 22:30:50'),
(94, 44, 'Abdul Mayer DVM', 'Reprehenderit rerum consequatur voluptatem ut. Sed sunt qui doloribus minima. Cupiditate voluptas hic ad est inventore vel nisi. Occaecati voluptas odit aut fugit hic et.', 0, '2019-11-02 22:30:50', '2019-11-02 22:30:50'),
(95, 11, 'Aida Cremin DVM', 'Ut quaerat voluptates sunt doloribus rerum amet. Ab ducimus quia eum. Sed omnis facere et dolorem dicta repudiandae non eaque. In quisquam quidem quo consequuntur excepturi eveniet.', 1, '2019-11-02 22:30:50', '2019-11-02 22:30:50'),
(96, 41, 'Prof. Waino White', 'Tempore error eaque consectetur qui. Possimus eveniet esse ullam voluptates consequuntur at ab. Nobis eius necessitatibus officiis temporibus dicta nesciunt voluptas. Neque illo voluptatem qui.', 4, '2019-11-02 22:30:50', '2019-11-02 22:30:50'),
(97, 5, 'Prof. Meghan Becker III', 'In sit ut sed atque sit quo est rerum. Rerum facilis ipsa at quos et quibusdam. Et dolorem nisi expedita hic id nulla sit.', 1, '2019-11-02 22:30:50', '2019-11-02 22:30:50'),
(98, 37, 'Mr. Darron Christiansen II', 'Amet saepe itaque tenetur praesentium sit laborum. Autem sed dolorem doloremque modi quam necessitatibus. Dolores eius suscipit ab quasi voluptatem.', 2, '2019-11-02 22:30:50', '2019-11-02 22:30:50'),
(99, 8, 'Nella Hessel', 'Ex repudiandae ex labore rerum numquam sunt sit. Et deserunt harum molestiae. Veritatis recusandae molestiae quia.', 5, '2019-11-02 22:30:50', '2019-11-02 22:30:50'),
(100, 12, 'Curt McCullough', 'Sint maiores ut iusto commodi temporibus perspiciatis vero. Et placeat inventore ipsam.', 1, '2019-11-02 22:30:50', '2019-11-02 22:30:50'),
(101, 6, 'Claudia Senger MD', 'Veritatis vero neque pariatur. Nemo est ratione sit quis qui ullam fugiat autem. Sapiente consequatur veniam quisquam quam enim. Reiciendis laborum mollitia in deserunt magnam. Sint sint vel porro sit quia.', 3, '2019-11-02 22:30:50', '2019-11-02 22:30:50'),
(102, 21, 'Sandy Emard', 'Accusamus necessitatibus ut adipisci eum. Eius sed ullam dicta fugiat eius. Asperiores non illo animi eum numquam doloribus debitis. Iste distinctio et perferendis iure. Voluptatum aspernatur voluptas nostrum eum.', 4, '2019-11-02 22:30:50', '2019-11-02 22:30:50'),
(103, 18, 'Norwood Herman', 'Aut adipisci perferendis ut quod impedit. Est aut consequatur ut aperiam minus beatae.', 5, '2019-11-02 22:30:50', '2019-11-02 22:30:50'),
(104, 44, 'Marjolaine Abshire', 'Nobis autem sed quis illo officiis. Ut exercitationem tempore possimus in eum. Assumenda dolores ipsam ad totam cumque. Ullam architecto ut adipisci architecto et consequatur.', 2, '2019-11-02 22:30:50', '2019-11-02 22:30:50'),
(105, 17, 'Melvin Franecki MD', 'Qui est autem ut qui porro. Iusto voluptate in ut consequatur. Expedita similique placeat nobis dolorem nemo.', 5, '2019-11-02 22:30:50', '2019-11-02 22:30:50'),
(106, 50, 'Romaine Raynor', 'Nulla sapiente aut recusandae voluptas ex ut. Rem sapiente perferendis dolor corporis nesciunt reiciendis.', 2, '2019-11-02 22:30:50', '2019-11-02 22:30:50'),
(107, 39, 'Dena Kuhn MD', 'Molestiae sit ut deserunt reiciendis inventore tempore. Temporibus cumque quo ipsam. Autem voluptate quos qui at ab. Beatae ab placeat dolorem atque. Nobis veniam saepe consequatur magni aliquid dignissimos sapiente.', 5, '2019-11-02 22:30:50', '2019-11-02 22:30:50'),
(108, 42, 'Dr. Baron Ruecker Sr.', 'Eligendi error et veniam quibusdam. Libero reiciendis fuga aut possimus est. Omnis odio dolor est tempore sunt. Natus quibusdam ut voluptates ut laudantium. Et sapiente soluta ut nobis.', 1, '2019-11-02 22:30:50', '2019-11-02 22:30:50'),
(109, 9, 'Lila O\'Connell', 'Aspernatur iste cum error non temporibus suscipit maiores eum. Deserunt earum quos quae facilis. Ut quis repellendus delectus accusamus est alias hic.', 0, '2019-11-02 22:30:50', '2019-11-02 22:30:50'),
(110, 10, 'Anna Doyle Sr.', 'Repellat sint molestiae adipisci dicta iusto qui magni. Aut numquam neque nam iusto aut recusandae. Ut sunt nam ut facilis molestias quod amet.', 4, '2019-11-02 22:30:50', '2019-11-02 22:30:50'),
(111, 33, 'Vernie Doyle', 'Facere inventore quas facilis non totam sequi. Veritatis reiciendis placeat vero. Similique facilis quia eius nesciunt. Praesentium similique corporis sit numquam minima esse.', 0, '2019-11-02 22:30:50', '2019-11-02 22:30:50'),
(112, 7, 'Mrs. Talia Denesik I', 'Ipsam quibusdam inventore quae dolor. Nihil et illum incidunt. Qui repudiandae perferendis saepe commodi in dignissimos nobis.', 0, '2019-11-02 22:30:50', '2019-11-02 22:30:50'),
(113, 19, 'Dr. Hilbert Muller MD', 'Impedit voluptatem asperiores omnis architecto. Voluptas facilis quae nulla quia ad omnis. Laudantium ut alias eaque.', 1, '2019-11-02 22:30:50', '2019-11-02 22:30:50'),
(114, 38, 'Mrs. Shana Weimann Sr.', 'Vel ad excepturi fugiat rem et adipisci blanditiis. Rerum non magni sit ut eius. Reiciendis minima consectetur quod eaque possimus.', 4, '2019-11-02 22:30:51', '2019-11-02 22:30:51'),
(115, 5, 'Heath Kunde', 'Voluptas asperiores est enim molestiae repudiandae tempore. Optio occaecati architecto sit in et impedit. Non tempora qui aperiam sit rem occaecati.', 3, '2019-11-02 22:30:51', '2019-11-02 22:30:51'),
(116, 32, 'Kathryne Windler IV', 'Eius voluptatem aliquam tenetur amet at tempore. Maiores sit et fuga sed debitis non eos. Aut deleniti nesciunt modi tempore voluptatem voluptas.', 5, '2019-11-02 22:30:51', '2019-11-02 22:30:51'),
(117, 37, 'Mr. Milan Crona Sr.', 'Eos quia dolore iusto deleniti eligendi necessitatibus repellat corporis. Consequatur magnam magni aspernatur quas autem id omnis possimus. Rerum velit sint nobis est corporis quaerat. Consequatur quia quasi nobis voluptatem ea quia ab.', 0, '2019-11-02 22:30:51', '2019-11-02 22:30:51'),
(118, 13, 'Hollis Waelchi', 'Ut enim dolor sed ea in nam facere. Necessitatibus nihil quam commodi distinctio ipsa non accusamus. Alias est quis et. Molestiae temporibus cum aliquam occaecati.', 3, '2019-11-02 22:30:51', '2019-11-02 22:30:51'),
(119, 31, 'Adalberto Effertz', 'Labore maiores omnis iure totam ad sequi itaque. Fuga consequuntur voluptatem distinctio soluta in. Asperiores numquam aut illo est omnis sed ad. Modi earum sit et magni et similique.', 0, '2019-11-02 22:30:51', '2019-11-02 22:30:51'),
(120, 23, 'Adrien Pfannerstill', 'Necessitatibus sit voluptas non rerum sed. Nam rerum ab ad. Sunt non iste pariatur nesciunt dignissimos et minus.', 1, '2019-11-02 22:30:51', '2019-11-02 22:30:51'),
(121, 24, 'Mattie Powlowski III', 'Dicta assumenda ut ab incidunt voluptatem rem. Ea consequuntur repudiandae maxime nostrum quibusdam consequatur nihil.', 2, '2019-11-02 22:30:51', '2019-11-02 22:30:51'),
(122, 32, 'Kristian McLaughlin', 'Ex sint vero at. Illum laborum harum corporis culpa. Consequatur aspernatur porro rerum aut voluptatum reiciendis.', 5, '2019-11-02 22:30:51', '2019-11-02 22:30:51'),
(123, 31, 'Kenya Kuhn', 'Et tempora est praesentium fugit nemo voluptatem. Saepe est at rem quo. Tempore ducimus voluptas ea qui.', 0, '2019-11-02 22:30:51', '2019-11-02 22:30:51'),
(124, 40, 'Wilton Borer MD', 'Dolores repellat autem dignissimos sed a molestiae aut sint. Et provident dolor est fugiat et quibusdam inventore et. Sunt et mollitia sed quibusdam facilis itaque voluptas. Ut facere delectus sit est veniam id.', 0, '2019-11-02 22:30:51', '2019-11-02 22:30:51'),
(125, 18, 'Jaycee O\'Hara', 'Alias laudantium dolorum reprehenderit sunt nam optio harum. Similique quia tempore necessitatibus accusantium omnis. Quia et odit corrupti et. Sunt quo soluta et voluptas.', 2, '2019-11-02 22:30:51', '2019-11-02 22:30:51'),
(126, 47, 'Elva Cassin', 'Consequatur in omnis eum qui eos distinctio ad ut. Dolores et sed quia dicta voluptatem deserunt aut corrupti. Molestiae minima sed adipisci et nobis quo accusantium. Dolores voluptatem excepturi sunt molestiae ipsa.', 4, '2019-11-02 22:30:51', '2019-11-02 22:30:51'),
(127, 12, 'Greg Flatley', 'At maxime et voluptate ut quia quaerat. Recusandae neque rerum ut qui. Ex illo inventore laborum recusandae et aut eos.', 2, '2019-11-02 22:30:51', '2019-11-02 22:30:51'),
(128, 43, 'Miss Lavina Kovacek', 'Sunt ex aperiam possimus minus voluptates. Molestiae ut veritatis dolorum consequuntur aut quas. Maxime molestias quo laborum doloribus.', 4, '2019-11-02 22:30:51', '2019-11-02 22:30:51'),
(129, 26, 'Alberto Grant', 'Fuga reiciendis facere nobis neque quae adipisci aut quisquam. Sed minima laudantium tempora et doloribus. Temporibus voluptatem et sit deserunt quod corrupti quibusdam. Modi neque autem aut sit eum voluptate.', 4, '2019-11-02 22:30:51', '2019-11-02 22:30:51'),
(130, 50, 'Domingo Farrell', 'Pariatur natus sunt iusto cumque non ab. Laboriosam explicabo eum voluptatem fugit ratione sequi. Quos velit veniam magnam et ratione quod.', 3, '2019-11-02 22:30:51', '2019-11-02 22:30:51'),
(131, 40, 'Fernando Hayes', 'Rerum inventore perferendis accusantium ut. Dolor corporis quisquam sapiente aut itaque totam voluptas rem. Debitis eos facilis eos. Autem ducimus nostrum nemo labore animi maiores provident.', 5, '2019-11-02 22:30:51', '2019-11-02 22:30:51'),
(132, 50, 'Prof. Cornelius Cormier DDS', 'Doloribus sequi libero quam et aliquam voluptatem aut. Iure et illo aut tempore qui. Dolore nam animi tenetur ut.', 2, '2019-11-02 22:30:51', '2019-11-02 22:30:51'),
(133, 36, 'Prof. Cielo Price DVM', 'Dolore illo mollitia est et aliquam. Et totam dolor non. Quidem cum aliquid expedita ab minima eius laudantium laudantium. Reiciendis sit omnis est enim laborum ipsa.', 3, '2019-11-02 22:30:51', '2019-11-02 22:30:51'),
(134, 50, 'Gordon Fadel', 'Ullam rem laborum nesciunt voluptatem. Rerum id molestias et expedita saepe tempora ut. Rerum delectus nam suscipit fugit qui quo aliquam. Vitae deserunt qui ut est qui enim non magni.', 5, '2019-11-02 22:30:51', '2019-11-02 22:30:51'),
(135, 35, 'Mr. Favian Kiehn V', 'Eaque laboriosam modi non. Quo vel itaque sit eos est suscipit. Eaque saepe consequatur et id.', 2, '2019-11-02 22:30:51', '2019-11-02 22:30:51'),
(136, 13, 'Prof. Annamarie Fritsch', 'Quo perspiciatis laborum officiis itaque consequatur sint ratione aliquid. Fuga sed asperiores in quae et voluptas. Consequatur earum nobis reprehenderit qui.', 4, '2019-11-02 22:30:51', '2019-11-02 22:30:51'),
(137, 3, 'Russel Macejkovic', 'Qui consequatur et similique ea. Aut id beatae magnam architecto quo fugit aspernatur. Et tempora rerum sapiente odit impedit. Iure est in in.', 0, '2019-11-02 22:30:51', '2019-11-02 22:30:51'),
(138, 19, 'Dr. Carolanne Kessler II', 'Suscipit nam velit rem animi. Voluptate eius natus delectus rerum distinctio numquam quae similique. Dolores officiis asperiores qui quia eos labore.', 5, '2019-11-02 22:30:51', '2019-11-02 22:30:51'),
(139, 36, 'Mr. Jace Fahey', 'Maxime quae similique rerum. Minus esse minus asperiores animi unde doloribus quisquam. Ab aut est doloremque et et quo est. Repellat possimus aut dolorem ducimus dolor nihil reiciendis.', 4, '2019-11-02 22:30:51', '2019-11-02 22:30:51'),
(140, 20, 'Arch Cole', 'Quia maxime ut deleniti illum at. Nisi est qui omnis. Non impedit ut voluptatibus nam voluptatibus laborum. Est quod ut labore consequatur totam.', 0, '2019-11-02 22:30:51', '2019-11-02 22:30:51'),
(141, 14, 'Kayleigh Grimes', 'Totam deleniti aliquam corrupti facilis ut. Exercitationem et quisquam dolor optio pariatur id. Corporis voluptas possimus ut nulla itaque quisquam corrupti. Aut harum ipsum et quia voluptatem eum.', 2, '2019-11-02 22:30:51', '2019-11-02 22:30:51'),
(142, 44, 'Dr. Granville Berge V', 'Harum et necessitatibus fugiat nobis aut incidunt nemo ut. Architecto rerum sed quis provident unde est et.', 2, '2019-11-02 22:30:51', '2019-11-02 22:30:51'),
(143, 17, 'Mrs. Amy O\'Conner', 'Sit consequatur odio beatae dolore dolor quia rerum. Explicabo quibusdam non vel nihil. Dolorem maxime consequatur ad voluptatem non et et magnam. Vel dolorem pariatur blanditiis nulla praesentium recusandae aut.', 2, '2019-11-02 22:30:51', '2019-11-02 22:30:51'),
(144, 21, 'Edwina Mohr', 'Odio cupiditate exercitationem provident officia autem. Minus natus iste eveniet animi magni. Porro ea dolores minima qui. Dolor natus et molestias nam asperiores.', 4, '2019-11-02 22:30:51', '2019-11-02 22:30:51'),
(145, 21, 'Vickie Towne', 'Ut neque mollitia aut perferendis vitae aut voluptatum. Ut molestiae earum ut voluptas quod et et. Aliquid qui minima temporibus sint incidunt neque. Ea quia numquam ut esse.', 3, '2019-11-02 22:30:51', '2019-11-02 22:30:51'),
(146, 19, 'Treva Kuhn', 'Tenetur quo natus enim. Numquam ea quidem dolor quia.', 1, '2019-11-02 22:30:51', '2019-11-02 22:30:51'),
(147, 18, 'Laurine Gerhold', 'Et quisquam fugit odio et quia. Qui sit quo ratione non qui. Voluptatem corrupti sunt quasi et.', 0, '2019-11-02 22:30:51', '2019-11-02 22:30:51'),
(148, 34, 'Felipa Reichert', 'Aperiam est consequatur commodi. Explicabo commodi voluptatum nostrum sit possimus voluptas aut quidem. In fugit quod aut nostrum ut impedit dolor.', 0, '2019-11-02 22:30:51', '2019-11-02 22:30:51'),
(149, 40, 'Zion Franecki', 'Nostrum qui voluptatem magnam quidem tempora adipisci quod excepturi. Sit a molestias aut est quisquam est aut enim. Dolorem quasi aperiam reiciendis laboriosam voluptates vero. A aut qui ea nesciunt vitae sed excepturi et.', 3, '2019-11-02 22:30:51', '2019-11-02 22:30:51'),
(150, 46, 'Prof. Rosella Prosacco V', 'Voluptatum laborum porro cupiditate voluptas architecto. Ex tempore voluptatem aut ut et ea voluptatem. Voluptatem et assumenda laboriosam recusandae eum deleniti.', 1, '2019-11-02 22:30:51', '2019-11-02 22:30:51');

-- --------------------------------------------------------

--
-- Table structure for table `users`
--

CREATE TABLE `users` (
  `id` bigint(20) UNSIGNED NOT NULL,
  `name` varchar(191) COLLATE utf8mb4_unicode_ci NOT NULL,
  `email` varchar(191) COLLATE utf8mb4_unicode_ci NOT NULL,
  `email_verified_at` timestamp NULL DEFAULT NULL,
  `password` varchar(191) COLLATE utf8mb4_unicode_ci NOT NULL,
  `remember_token` varchar(100) COLLATE utf8mb4_unicode_ci DEFAULT NULL,
  `created_at` timestamp NULL DEFAULT NULL,
  `updated_at` timestamp NULL DEFAULT NULL
) ENGINE=InnoDB DEFAULT CHARSET=utf8mb4 COLLATE=utf8mb4_unicode_ci;

--
-- Indexes for dumped tables
--

--
-- Indexes for table `migrations`
--
ALTER TABLE `migrations`
  ADD PRIMARY KEY (`id`);

--
-- Indexes for table `password_resets`
--
ALTER TABLE `password_resets`
  ADD KEY `password_resets_email_index` (`email`);

--
-- Indexes for table `products`
--
ALTER TABLE `products`
  ADD PRIMARY KEY (`id`);

--
-- Indexes for table `reviews`
--
ALTER TABLE `reviews`
  ADD PRIMARY KEY (`id`);

--
-- Indexes for table `users`
--
ALTER TABLE `users`
  ADD PRIMARY KEY (`id`),
  ADD UNIQUE KEY `users_email_unique` (`email`);

--
-- AUTO_INCREMENT for dumped tables
--

--
-- AUTO_INCREMENT for table `migrations`
--
ALTER TABLE `migrations`
  MODIFY `id` int(10) UNSIGNED NOT NULL AUTO_INCREMENT, AUTO_INCREMENT=4;
--
-- AUTO_INCREMENT for table `products`
--
ALTER TABLE `products`
  MODIFY `id` bigint(20) UNSIGNED NOT NULL AUTO_INCREMENT, AUTO_INCREMENT=51;
--
-- AUTO_INCREMENT for table `reviews`
--
ALTER TABLE `reviews`
  MODIFY `id` bigint(20) UNSIGNED NOT NULL AUTO_INCREMENT, AUTO_INCREMENT=151;
--
-- AUTO_INCREMENT for table `users`
--
ALTER TABLE `users`
  MODIFY `id` bigint(20) UNSIGNED NOT NULL AUTO_INCREMENT;COMMIT;

/*!40101 SET CHARACTER_SET_CLIENT=@OLD_CHARACTER_SET_CLIENT */;
/*!40101 SET CHARACTER_SET_RESULTS=@OLD_CHARACTER_SET_RESULTS */;
/*!40101 SET COLLATION_CONNECTION=@OLD_COLLATION_CONNECTION */;
